Column,Row,Metric,Seasonal Metric,Annual Metric,Values
2209,904,D24HourMean,QuarterlyMean,Mean,26.40
2177,924,D24HourMean,QuarterlyMean,Mean,21.91
2168,910,D24HourMean,QuarterlyMean,Mean,24.32
2171,886,D24HourMean,QuarterlyMean,Mean,24.49
2205,917,D24HourMean,QuarterlyMean,Mean,26.81
2177,899,D24HourMean,QuarterlyMean,Mean,25.94
2180,922,D24HourMean,QuarterlyMean,Mean,23.22
2179,904,D24HourMean,QuarterlyMean,Mean,28.69
2197,917,D24HourMean,QuarterlyMean,Mean,26.37
2202,910,D24HourMean,QuarterlyMean,Mean,32.82
2215,929,D24HourMean,QuarterlyMean,Mean,20.85
2202,916,D24HourMean,QuarterlyMean,Mean,24.03
2174,890,D24HourMean,QuarterlyMean,Mean,26.62
2203,915,D24HourMean,QuarterlyMean,Mean,25.31
2186,925,D24HourMean,QuarterlyMean,Mean,21.40
2161,908,D24HourMean,QuarterlyMean,Mean,19.94
2182,897,D24HourMean,QuarterlyMean,Mean,27.23
2184,924,D24HourMean,QuarterlyMean,Mean,21.30
2186,920,D24HourMean,QuarterlyMean,Mean,23.36
2174,907,D24HourMean,QuarterlyMean,Mean,22.02
2190,925,D24HourMean,QuarterlyMean,Mean,23.78
2201,927,D24HourMean,QuarterlyMean,Mean,22.12
2170,926,D24HourMean,QuarterlyMean,Mean,22.69
2166,905,D24HourMean,QuarterlyMean,Mean,22.96
2180,907,D24HourMean,QuarterlyMean,Mean,22.90
2200,907,D24HourMean,QuarterlyMean,Mean,28.05
2204,902,D24HourMean,QuarterlyMean,Mean,24.20
2220,930,D24HourMean,QuarterlyMean,Mean,20.87
2172,902,D24HourMean,QuarterlyMean,Mean,23.68
2168,911,D24HourMean,QuarterlyMean,Mean,24.55
2212,910,D24HourMean,QuarterlyMean,Mean,27.56
2208,923,D24HourMean,QuarterlyMean,Mean,21.58
2172,915,D24HourMean,QuarterlyMean,Mean,24.39
2160,907,D24HourMean,QuarterlyMean,Mean,22.58
2177,903,D24HourMean,QuarterlyMean,Mean,26.85
2185,903,D24HourMean,QuarterlyMean,Mean,27.58
2165,891,D24HourMean,QuarterlyMean,Mean,26.82
2182,907,D24HourMean,QuarterlyMean,Mean,22.95
2169,903,D24HourMean,QuarterlyMean,Mean,22.20
2187,912,D24HourMean,QuarterlyMean,Mean,25.14
2172,923,D24HourMean,QuarterlyMean,Mean,23.15
2167,912,D24HourMean,QuarterlyMean,Mean,24.92
2172,919,D24HourMean,QuarterlyMean,Mean,23.38
2178,924,D24HourMean,QuarterlyMean,Mean,21.94
2171,908,D24HourMean,QuarterlyMean,Mean,24.01
2205,904,D24HourMean,QuarterlyMean,Mean,26.90
2178,911,D24HourMean,QuarterlyMean,Mean,25.74
2204,918,D24HourMean,QuarterlyMean,Mean,27.61
2211,930,D24HourMean,QuarterlyMean,Mean,20.02
2178,908,D24HourMean,QuarterlyMean,Mean,21.57
2171,906,D24HourMean,QuarterlyMean,Mean,21.33
2176,921,D24HourMean,QuarterlyMean,Mean,23.74
2196,919,D24HourMean,QuarterlyMean,Mean,26.24
2179,911,D24HourMean,QuarterlyMean,Mean,25.23
2187,906,D24HourMean,QuarterlyMean,Mean,28.53
2173,916,D24HourMean,QuarterlyMean,Mean,23.55
2192,913,D24HourMean,QuarterlyMean,Mean,25.82
2177,905,D24HourMean,QuarterlyMean,Mean,26.19
2181,914,D24HourMean,QuarterlyMean,Mean,23.74
2190,900,D24HourMean,QuarterlyMean,Mean,25.40
2171,919,D24HourMean,QuarterlyMean,Mean,24.62
2161,914,D24HourMean,QuarterlyMean,Mean,17.76
2196,902,D24HourMean,QuarterlyMean,Mean,24.36
2190,906,D24HourMean,QuarterlyMean,Mean,25.89
2204,903,D24HourMean,QuarterlyMean,Mean,26.41
2176,909,D24HourMean,QuarterlyMean,Mean,22.88
2175,917,D24HourMean,QuarterlyMean,Mean,22.39
2186,897,D24HourMean,QuarterlyMean,Mean,29.22
2186,912,D24HourMean,QuarterlyMean,Mean,23.63
2216,930,D24HourMean,QuarterlyMean,Mean,20.47
2175,894,D24HourMean,QuarterlyMean,Mean,26.35
2176,924,D24HourMean,QuarterlyMean,Mean,22.15
2164,911,D24HourMean,QuarterlyMean,Mean,18.31
2202,914,D24HourMean,QuarterlyMean,Mean,25.09
2191,919,D24HourMean,QuarterlyMean,Mean,26.82
2194,899,D24HourMean,QuarterlyMean,Mean,24.00
2218,926,D24HourMean,QuarterlyMean,Mean,22.73
2203,923,D24HourMean,QuarterlyMean,Mean,22.55
2203,917,D24HourMean,QuarterlyMean,Mean,26.81
2192,905,D24HourMean,QuarterlyMean,Mean,25.89
2203,918,D24HourMean,QuarterlyMean,Mean,26.78
2167,898,D24HourMean,QuarterlyMean,Mean,21.22
2183,915,D24HourMean,QuarterlyMean,Mean,24.00
2176,894,D24HourMean,QuarterlyMean,Mean,27.47
2180,901,D24HourMean,QuarterlyMean,Mean,26.89
2210,925,D24HourMean,QuarterlyMean,Mean,22.92
2201,913,D24HourMean,QuarterlyMean,Mean,25.58
2188,912,D24HourMean,QuarterlyMean,Mean,23.95
2159,915,D24HourMean,QuarterlyMean,Mean,18.84
2163,914,D24HourMean,QuarterlyMean,Mean,17.51
2182,893,D24HourMean,QuarterlyMean,Mean,26.32
2206,918,D24HourMean,QuarterlyMean,Mean,22.98
2164,894,D24HourMean,QuarterlyMean,Mean,24.98
2169,907,D24HourMean,QuarterlyMean,Mean,23.27
2188,918,D24HourMean,QuarterlyMean,Mean,24.71
2194,924,D24HourMean,QuarterlyMean,Mean,23.12
2204,926,D24HourMean,QuarterlyMean,Mean,21.64
2191,897,D24HourMean,QuarterlyMean,Mean,25.22
2176,895,D24HourMean,QuarterlyMean,Mean,27.94
2195,922,D24HourMean,QuarterlyMean,Mean,22.65
2173,902,D24HourMean,QuarterlyMean,Mean,25.15
2200,902,D24HourMean,QuarterlyMean,Mean,23.82
2202,918,D24HourMean,QuarterlyMean,Mean,24.82
2192,918,D24HourMean,QuarterlyMean,Mean,26.13
2189,907,D24HourMean,QuarterlyMean,Mean,26.45
2206,914,D24HourMean,QuarterlyMean,Mean,24.16
2213,916,D24HourMean,QuarterlyMean,Mean,27.86
2160,893,D24HourMean,QuarterlyMean,Mean,22.53
2197,925,D24HourMean,QuarterlyMean,Mean,21.72
2212,917,D24HourMean,QuarterlyMean,Mean,26.12
2184,918,D24HourMean,QuarterlyMean,Mean,23.62
2193,899,D24HourMean,QuarterlyMean,Mean,24.31
2180,925,D24HourMean,QuarterlyMean,Mean,20.45
2169,915,D24HourMean,QuarterlyMean,Mean,23.46
2203,910,D24HourMean,QuarterlyMean,Mean,26.30
2181,912,D24HourMean,QuarterlyMean,Mean,23.38
2160,909,D24HourMean,QuarterlyMean,Mean,20.81
2172,925,D24HourMean,QuarterlyMean,Mean,22.33
2200,903,D24HourMean,QuarterlyMean,Mean,25.18
2166,907,D24HourMean,QuarterlyMean,Mean,20.26
2211,911,D24HourMean,QuarterlyMean,Mean,27.98
2195,924,D24HourMean,QuarterlyMean,Mean,23.98
2214,916,D24HourMean,QuarterlyMean,Mean,27.89
2216,925,D24HourMean,QuarterlyMean,Mean,19.94
2190,895,D24HourMean,QuarterlyMean,Mean,25.61
2178,919,D24HourMean,QuarterlyMean,Mean,23.98
2183,907,D24HourMean,QuarterlyMean,Mean,22.20
2190,896,D24HourMean,QuarterlyMean,Mean,25.42
2162,889,D24HourMean,QuarterlyMean,Mean,25.47
2161,891,D24HourMean,QuarterlyMean,Mean,23.46
2203,921,D24HourMean,QuarterlyMean,Mean,23.98
2173,907,D24HourMean,QuarterlyMean,Mean,21.52
2184,906,D24HourMean,QuarterlyMean,Mean,23.74
2195,914,D24HourMean,QuarterlyMean,Mean,24.38
2190,922,D24HourMean,QuarterlyMean,Mean,23.74
2201,925,D24HourMean,QuarterlyMean,Mean,22.01
2189,898,D24HourMean,QuarterlyMean,Mean,27.06
2210,904,D24HourMean,QuarterlyMean,Mean,27.37
2174,924,D24HourMean,QuarterlyMean,Mean,22.95
2178,913,D24HourMean,QuarterlyMean,Mean,24.25
2197,919,D24HourMean,QuarterlyMean,Mean,25.36
2193,919,D24HourMean,QuarterlyMean,Mean,25.04
2183,893,D24HourMean,QuarterlyMean,Mean,26.57
2181,918,D24HourMean,QuarterlyMean,Mean,22.45
2178,923,D24HourMean,QuarterlyMean,Mean,22.90
2205,924,D24HourMean,QuarterlyMean,Mean,22.26
2203,928,D24HourMean,QuarterlyMean,Mean,21.02
2162,896,D24HourMean,QuarterlyMean,Mean,21.41
2169,901,D24HourMean,QuarterlyMean,Mean,19.97
2181,893,D24HourMean,QuarterlyMean,Mean,26.37
2167,927,D24HourMean,QuarterlyMean,Mean,18.71
2160,912,D24HourMean,QuarterlyMean,Mean,18.42
2171,920,D24HourMean,QuarterlyMean,Mean,23.76
2190,901,D24HourMean,QuarterlyMean,Mean,24.47
2212,929,D24HourMean,QuarterlyMean,Mean,19.65
2162,886,D24HourMean,QuarterlyMean,Mean,28.56
2191,895,D24HourMean,QuarterlyMean,Mean,24.84
2175,892,D24HourMean,QuarterlyMean,Mean,25.44
2176,919,D24HourMean,QuarterlyMean,Mean,26.67
2190,918,D24HourMean,QuarterlyMean,Mean,22.63
2207,926,D24HourMean,QuarterlyMean,Mean,21.46
2192,926,D24HourMean,QuarterlyMean,Mean,22.58
2204,922,D24HourMean,QuarterlyMean,Mean,22.14
2210,910,D24HourMean,QuarterlyMean,Mean,28.05
2170,884,D24HourMean,QuarterlyMean,Mean,23.73
2185,928,D24HourMean,QuarterlyMean,Mean,21.75
2167,896,D24HourMean,QuarterlyMean,Mean,24.95
2195,899,D24HourMean,QuarterlyMean,Mean,23.63
2181,916,D24HourMean,QuarterlyMean,Mean,23.82
2185,926,D24HourMean,QuarterlyMean,Mean,20.15
2161,916,D24HourMean,QuarterlyMean,Mean,16.89
2164,897,D24HourMean,QuarterlyMean,Mean,22.72
2165,917,D24HourMean,QuarterlyMean,Mean,19.75
2180,891,D24HourMean,QuarterlyMean,Mean,25.94
2173,919,D24HourMean,QuarterlyMean,Mean,23.50
2171,911,D24HourMean,QuarterlyMean,Mean,24.74
2179,894,D24HourMean,QuarterlyMean,Mean,27.12
2178,916,D24HourMean,QuarterlyMean,Mean,24.16
2185,895,D24HourMean,QuarterlyMean,Mean,28.24
2172,888,D24HourMean,QuarterlyMean,Mean,27.62
2163,908,D24HourMean,QuarterlyMean,Mean,18.31
2172,917,D24HourMean,QuarterlyMean,Mean,24.30
2196,917,D24HourMean,QuarterlyMean,Mean,26.10
2212,926,D24HourMean,QuarterlyMean,Mean,22.98
2197,902,D24HourMean,QuarterlyMean,Mean,24.65
2212,909,D24HourMean,QuarterlyMean,Mean,24.12
2206,905,D24HourMean,QuarterlyMean,Mean,26.10
2197,914,D24HourMean,QuarterlyMean,Mean,26.76
2200,917,D24HourMean,QuarterlyMean,Mean,24.01
2206,904,D24HourMean,QuarterlyMean,Mean,26.56
2165,886,D24HourMean,QuarterlyMean,Mean,25.44
2196,912,D24HourMean,QuarterlyMean,Mean,25.47
2209,916,D24HourMean,QuarterlyMean,Mean,24.36
2219,929,D24HourMean,QuarterlyMean,Mean,22.98
2222,929,D24HourMean,QuarterlyMean,Mean,22.18
2179,901,D24HourMean,QuarterlyMean,Mean,26.49
2194,910,D24HourMean,QuarterlyMean,Mean,28.49
2172,921,D24HourMean,QuarterlyMean,Mean,22.93
2184,912,D24HourMean,QuarterlyMean,Mean,23.89
2190,923,D24HourMean,QuarterlyMean,Mean,24.62
2201,919,D24HourMean,QuarterlyMean,Mean,25.74
2210,916,D24HourMean,QuarterlyMean,Mean,24.50
2166,886,D24HourMean,QuarterlyMean,Mean,22.50
2188,903,D24HourMean,QuarterlyMean,Mean,26.90
2169,887,D24HourMean,QuarterlyMean,Mean,23.58
2166,899,D24HourMean,QuarterlyMean,Mean,18.46
2183,904,D24HourMean,QuarterlyMean,Mean,28.08
2186,900,D24HourMean,QuarterlyMean,Mean,28.14
2167,923,D24HourMean,QuarterlyMean,Mean,23.78
2194,923,D24HourMean,QuarterlyMean,Mean,23.62
2185,899,D24HourMean,QuarterlyMean,Mean,29.30
2200,916,D24HourMean,QuarterlyMean,Mean,25.20
2201,910,D24HourMean,QuarterlyMean,Mean,31.59
2197,905,D24HourMean,QuarterlyMean,Mean,25.58
2201,916,D24HourMean,QuarterlyMean,Mean,24.22
2167,891,D24HourMean,QuarterlyMean,Mean,27.09
2166,885,D24HourMean,QuarterlyMean,Mean,23.18
2172,907,D24HourMean,QuarterlyMean,Mean,21.67
2168,904,D24HourMean,QuarterlyMean,Mean,25.30
2193,920,D24HourMean,QuarterlyMean,Mean,24.69
2197,920,D24HourMean,QuarterlyMean,Mean,26.13
2183,911,D24HourMean,QuarterlyMean,Mean,23.47
2203,909,D24HourMean,QuarterlyMean,Mean,22.42
2167,883,D24HourMean,QuarterlyMean,Mean,24.65
2188,917,D24HourMean,QuarterlyMean,Mean,24.87
2218,928,D24HourMean,QuarterlyMean,Mean,23.52
2205,916,D24HourMean,QuarterlyMean,Mean,25.52
2169,891,D24HourMean,QuarterlyMean,Mean,24.42
2189,894,D24HourMean,QuarterlyMean,Mean,24.71
2188,905,D24HourMean,QuarterlyMean,Mean,31.17
2182,913,D24HourMean,QuarterlyMean,Mean,24.04
2209,915,D24HourMean,QuarterlyMean,Mean,24.84
2165,887,D24HourMean,QuarterlyMean,Mean,24.11
2207,910,D24HourMean,QuarterlyMean,Mean,28.56
2182,911,D24HourMean,QuarterlyMean,Mean,23.98
2202,904,D24HourMean,QuarterlyMean,Mean,24.74
2179,905,D24HourMean,QuarterlyMean,Mean,26.21
2180,889,D24HourMean,QuarterlyMean,Mean,28.97
2172,896,D24HourMean,QuarterlyMean,Mean,25.75
2202,900,D24HourMean,QuarterlyMean,Mean,23.57
2200,900,D24HourMean,QuarterlyMean,Mean,22.98
2176,901,D24HourMean,QuarterlyMean,Mean,24.44
2204,917,D24HourMean,QuarterlyMean,Mean,26.67
2196,897,D24HourMean,QuarterlyMean,Mean,24.77
2183,908,D24HourMean,QuarterlyMean,Mean,22.58
2211,926,D24HourMean,QuarterlyMean,Mean,22.89
2184,908,D24HourMean,QuarterlyMean,Mean,22.77
2182,899,D24HourMean,QuarterlyMean,Mean,26.30
2173,918,D24HourMean,QuarterlyMean,Mean,24.38
2175,922,D24HourMean,QuarterlyMean,Mean,22.66
2187,927,D24HourMean,QuarterlyMean,Mean,20.27
2210,908,D24HourMean,QuarterlyMean,Mean,25.93
2164,885,D24HourMean,QuarterlyMean,Mean,28.84
2192,919,D24HourMean,QuarterlyMean,Mean,26.54
2161,892,D24HourMean,QuarterlyMean,Mean,22.71
2183,909,D24HourMean,QuarterlyMean,Mean,22.12
2180,904,D24HourMean,QuarterlyMean,Mean,27.15
2188,907,D24HourMean,QuarterlyMean,Mean,30.31
2171,924,D24HourMean,QuarterlyMean,Mean,22.37
2167,916,D24HourMean,QuarterlyMean,Mean,21.48
2168,908,D24HourMean,QuarterlyMean,Mean,23.00
2163,889,D24HourMean,QuarterlyMean,Mean,26.04
2166,900,D24HourMean,QuarterlyMean,Mean,16.87
2199,923,D24HourMean,QuarterlyMean,Mean,18.63
2198,911,D24HourMean,QuarterlyMean,Mean,27.28
2176,917,D24HourMean,QuarterlyMean,Mean,22.13
2193,907,D24HourMean,QuarterlyMean,Mean,25.83
2171,899,D24HourMean,QuarterlyMean,Mean,23.47
2191,902,D24HourMean,QuarterlyMean,Mean,22.96
2200,922,D24HourMean,QuarterlyMean,Mean,21.25
2180,914,D24HourMean,QuarterlyMean,Mean,22.77
2222,931,D24HourMean,QuarterlyMean,Mean,22.77
2179,898,D24HourMean,QuarterlyMean,Mean,25.37
2194,896,D24HourMean,QuarterlyMean,Mean,25.82
2223,932,D24HourMean,QuarterlyMean,Mean,22.41
2173,906,D24HourMean,QuarterlyMean,Mean,22.20
2174,914,D24HourMean,QuarterlyMean,Mean,23.52
2190,897,D24HourMean,QuarterlyMean,Mean,25.83
2165,921,D24HourMean,QuarterlyMean,Mean,22.03
2198,914,D24HourMean,QuarterlyMean,Mean,25.86
2213,913,D24HourMean,QuarterlyMean,Mean,27.19
2174,910,D24HourMean,QuarterlyMean,Mean,25.28
2165,907,D24HourMean,QuarterlyMean,Mean,18.98
2177,890,D24HourMean,QuarterlyMean,Mean,26.54
2196,904,D24HourMean,QuarterlyMean,Mean,24.58
2177,902,D24HourMean,QuarterlyMean,Mean,25.48
2174,886,D24HourMean,QuarterlyMean,Mean,30.82
2190,926,D24HourMean,QuarterlyMean,Mean,22.29
2160,908,D24HourMean,QuarterlyMean,Mean,21.24
2165,899,D24HourMean,QuarterlyMean,Mean,17.71
2193,904,D24HourMean,QuarterlyMean,Mean,24.68
2182,904,D24HourMean,QuarterlyMean,Mean,28.09
2206,924,D24HourMean,QuarterlyMean,Mean,23.59
2178,892,D24HourMean,QuarterlyMean,Mean,24.79
2164,888,D24HourMean,QuarterlyMean,Mean,28.84
2196,899,D24HourMean,QuarterlyMean,Mean,23.60
2173,923,D24HourMean,QuarterlyMean,Mean,23.36
2167,895,D24HourMean,QuarterlyMean,Mean,26.21
2182,903,D24HourMean,QuarterlyMean,Mean,26.68
2207,904,D24HourMean,QuarterlyMean,Mean,26.15
2178,894,D24HourMean,QuarterlyMean,Mean,27.20
2208,927,D24HourMean,QuarterlyMean,Mean,22.47
2216,929,D24HourMean,QuarterlyMean,Mean,23.59
2179,900,D24HourMean,QuarterlyMean,Mean,25.36
2161,907,D24HourMean,QuarterlyMean,Mean,22.07
2164,890,D24HourMean,QuarterlyMean,Mean,27.26
2170,918,D24HourMean,QuarterlyMean,Mean,23.84
2186,911,D24HourMean,QuarterlyMean,Mean,23.09
2182,908,D24HourMean,QuarterlyMean,Mean,22.39
2183,905,D24HourMean,QuarterlyMean,Mean,24.85
2194,898,D24HourMean,QuarterlyMean,Mean,24.30
2171,917,D24HourMean,QuarterlyMean,Mean,23.66
2164,914,D24HourMean,QuarterlyMean,Mean,19.36
2166,921,D24HourMean,QuarterlyMean,Mean,21.79
2180,905,D24HourMean,QuarterlyMean,Mean,26.71
2181,909,D24HourMean,QuarterlyMean,Mean,21.80
2204,927,D24HourMean,QuarterlyMean,Mean,21.40
2164,916,D24HourMean,QuarterlyMean,Mean,18.16
2184,911,D24HourMean,QuarterlyMean,Mean,23.79
2194,909,D24HourMean,QuarterlyMean,Mean,25.83
2217,926,D24HourMean,QuarterlyMean,Mean,22.66
2168,916,D24HourMean,QuarterlyMean,Mean,23.06
2199,906,D24HourMean,QuarterlyMean,Mean,27.64
2165,909,D24HourMean,QuarterlyMean,Mean,19.96
2190,907,D24HourMean,QuarterlyMean,Mean,26.16
2198,913,D24HourMean,QuarterlyMean,Mean,26.29
2209,913,D24HourMean,QuarterlyMean,Mean,24.92
2176,891,D24HourMean,QuarterlyMean,Mean,27.87
2184,922,D24HourMean,QuarterlyMean,Mean,23.06
2198,920,D24HourMean,QuarterlyMean,Mean,27.11
2210,928,D24HourMean,QuarterlyMean,Mean,21.58
2169,894,D24HourMean,QuarterlyMean,Mean,24.72
2172,912,D24HourMean,QuarterlyMean,Mean,24.01
2182,909,D24HourMean,QuarterlyMean,Mean,21.70
2186,894,D24HourMean,QuarterlyMean,Mean,27.42
2210,917,D24HourMean,QuarterlyMean,Mean,25.45
2185,900,D24HourMean,QuarterlyMean,Mean,27.78
2207,917,D24HourMean,QuarterlyMean,Mean,23.43
2162,892,D24HourMean,QuarterlyMean,Mean,24.68
2162,912,D24HourMean,QuarterlyMean,Mean,16.25
2198,901,D24HourMean,QuarterlyMean,Mean,22.95
2160,887,D24HourMean,QuarterlyMean,Mean,25.48
2175,891,D24HourMean,QuarterlyMean,Mean,27.03
2170,914,D24HourMean,QuarterlyMean,Mean,23.70
2189,918,D24HourMean,QuarterlyMean,Mean,22.09
2169,911,D24HourMean,QuarterlyMean,Mean,24.22
2198,915,D24HourMean,QuarterlyMean,Mean,27.01
2191,915,D24HourMean,QuarterlyMean,Mean,26.08
2183,928,D24HourMean,QuarterlyMean,Mean,21.08
2164,918,D24HourMean,QuarterlyMean,Mean,19.49
2207,918,D24HourMean,QuarterlyMean,Mean,23.11
2189,914,D24HourMean,QuarterlyMean,Mean,27.15
2190,911,D24HourMean,QuarterlyMean,Mean,25.23
2203,905,D24HourMean,QuarterlyMean,Mean,25.53
2167,917,D24HourMean,QuarterlyMean,Mean,19.55
2177,920,D24HourMean,QuarterlyMean,Mean,24.71
2209,908,D24HourMean,QuarterlyMean,Mean,24.20
2186,913,D24HourMean,QuarterlyMean,Mean,26.18
2163,893,D24HourMean,QuarterlyMean,Mean,25.12
2168,890,D24HourMean,QuarterlyMean,Mean,24.34
2175,913,D24HourMean,QuarterlyMean,Mean,24.28
2211,920,D24HourMean,QuarterlyMean,Mean,25.50
2210,920,D24HourMean,QuarterlyMean,Mean,23.17
2175,893,D24HourMean,QuarterlyMean,Mean,25.58
2192,899,D24HourMean,QuarterlyMean,Mean,26.10
2195,918,D24HourMean,QuarterlyMean,Mean,25.77
2172,922,D24HourMean,QuarterlyMean,Mean,23.06
2197,898,D24HourMean,QuarterlyMean,Mean,23.52
2190,894,D24HourMean,QuarterlyMean,Mean,24.25
2198,905,D24HourMean,QuarterlyMean,Mean,25.74
2187,918,D24HourMean,QuarterlyMean,Mean,25.01
2195,923,D24HourMean,QuarterlyMean,Mean,23.23
2213,928,D24HourMean,QuarterlyMean,Mean,22.22
2184,905,D24HourMean,QuarterlyMean,Mean,25.48
2206,911,D24HourMean,QuarterlyMean,Mean,27.19
2195,906,D24HourMean,QuarterlyMean,Mean,25.64
2184,928,D24HourMean,QuarterlyMean,Mean,21.00
2207,929,D24HourMean,QuarterlyMean,Mean,20.10
2162,888,D24HourMean,QuarterlyMean,Mean,25.33
2195,904,D24HourMean,QuarterlyMean,Mean,25.26
2185,893,D24HourMean,QuarterlyMean,Mean,26.87
2167,915,D24HourMean,QuarterlyMean,Mean,22.28
2204,921,D24HourMean,QuarterlyMean,Mean,23.63
2181,902,D24HourMean,QuarterlyMean,Mean,26.96
2165,911,D24HourMean,QuarterlyMean,Mean,20.34
2193,916,D24HourMean,QuarterlyMean,Mean,27.67
2186,892,D24HourMean,QuarterlyMean,Mean,27.87
2184,896,D24HourMean,QuarterlyMean,Mean,26.79
2208,910,D24HourMean,QuarterlyMean,Mean,29.24
2190,909,D24HourMean,QuarterlyMean,Mean,24.33
2196,923,D24HourMean,QuarterlyMean,Mean,22.39
2165,897,D24HourMean,QuarterlyMean,Mean,24.03
2172,920,D24HourMean,QuarterlyMean,Mean,23.28
2163,911,D24HourMean,QuarterlyMean,Mean,17.19
2176,910,D24HourMean,QuarterlyMean,Mean,24.27
2189,906,D24HourMean,QuarterlyMean,Mean,26.10
2175,901,D24HourMean,QuarterlyMean,Mean,24.06
2183,903,D24HourMean,QuarterlyMean,Mean,26.59
2204,912,D24HourMean,QuarterlyMean,Mean,25.22
2203,927,D24HourMean,QuarterlyMean,Mean,20.79
2177,917,D24HourMean,QuarterlyMean,Mean,22.45
2212,908,D24HourMean,QuarterlyMean,Mean,27.36
2206,902,D24HourMean,QuarterlyMean,Mean,25.40
2192,925,D24HourMean,QuarterlyMean,Mean,23.58
2200,925,D24HourMean,QuarterlyMean,Mean,21.85
2179,907,D24HourMean,QuarterlyMean,Mean,22.21
2166,912,D24HourMean,QuarterlyMean,Mean,23.49
2204,920,D24HourMean,QuarterlyMean,Mean,24.39
2180,903,D24HourMean,QuarterlyMean,Mean,26.89
2183,898,D24HourMean,QuarterlyMean,Mean,27.66
2192,910,D24HourMean,QuarterlyMean,Mean,26.51
2174,904,D24HourMean,QuarterlyMean,Mean,23.81
2166,895,D24HourMean,QuarterlyMean,Mean,25.39
2177,892,D24HourMean,QuarterlyMean,Mean,24.72
2169,897,D24HourMean,QuarterlyMean,Mean,22.98
2176,892,D24HourMean,QuarterlyMean,Mean,25.53
2167,921,D24HourMean,QuarterlyMean,Mean,22.14
2179,924,D24HourMean,QuarterlyMean,Mean,21.81
2183,901,D24HourMean,QuarterlyMean,Mean,28.02
2170,927,D24HourMean,QuarterlyMean,Mean,21.38
2189,909,D24HourMean,QuarterlyMean,Mean,23.74
2213,919,D24HourMean,QuarterlyMean,Mean,25.58
2191,926,D24HourMean,QuarterlyMean,Mean,21.45
2212,918,D24HourMean,QuarterlyMean,Mean,24.62
2181,927,D24HourMean,QuarterlyMean,Mean,21.43
2217,928,D24HourMean,QuarterlyMean,Mean,22.98
2166,919,D24HourMean,QuarterlyMean,Mean,21.20
2198,926,D24HourMean,QuarterlyMean,Mean,21.88
2212,919,D24HourMean,QuarterlyMean,Mean,25.72
2188,894,D24HourMean,QuarterlyMean,Mean,26.71
2185,901,D24HourMean,QuarterlyMean,Mean,28.13
2187,901,D24HourMean,QuarterlyMean,Mean,28.47
2220,931,D24HourMean,QuarterlyMean,Mean,21.64
2169,900,D24HourMean,QuarterlyMean,Mean,20.42
2199,904,D24HourMean,QuarterlyMean,Mean,24.58
2171,907,D24HourMean,QuarterlyMean,Mean,23.68
2186,909,D24HourMean,QuarterlyMean,Mean,22.77
2195,907,D24HourMean,QuarterlyMean,Mean,26.71
2178,902,D24HourMean,QuarterlyMean,Mean,26.10
2167,887,D24HourMean,QuarterlyMean,Mean,21.08
2167,919,D24HourMean,QuarterlyMean,Mean,21.77
2212,914,D24HourMean,QuarterlyMean,Mean,31.27
2167,924,D24HourMean,QuarterlyMean,Mean,23.60
2194,920,D24HourMean,QuarterlyMean,Mean,24.87
2191,899,D24HourMean,QuarterlyMean,Mean,27.12
2219,930,D24HourMean,QuarterlyMean,Mean,20.79
2209,905,D24HourMean,QuarterlyMean,Mean,26.85
2201,900,D24HourMean,QuarterlyMean,Mean,22.69
2199,910,D24HourMean,QuarterlyMean,Mean,27.78
2170,886,D24HourMean,QuarterlyMean,Mean,23.15
2161,894,D24HourMean,QuarterlyMean,Mean,23.15
2192,900,D24HourMean,QuarterlyMean,Mean,24.46
2213,915,D24HourMean,QuarterlyMean,Mean,28.81
2172,908,D24HourMean,QuarterlyMean,Mean,22.74
2208,911,D24HourMean,QuarterlyMean,Mean,26.38
2190,920,D24HourMean,QuarterlyMean,Mean,22.41
2163,907,D24HourMean,QuarterlyMean,Mean,19.10
2200,918,D24HourMean,QuarterlyMean,Mean,24.82
2199,915,D24HourMean,QuarterlyMean,Mean,28.27
2176,908,D24HourMean,QuarterlyMean,Mean,21.57
2164,908,D24HourMean,QuarterlyMean,Mean,18.56
2218,927,D24HourMean,QuarterlyMean,Mean,23.47
2175,895,D24HourMean,QuarterlyMean,Mean,27.06
2183,914,D24HourMean,QuarterlyMean,Mean,23.31
2170,917,D24HourMean,QuarterlyMean,Mean,23.84
2197,911,D24HourMean,QuarterlyMean,Mean,27.89
2182,917,D24HourMean,QuarterlyMean,Mean,23.52
2175,915,D24HourMean,QuarterlyMean,Mean,23.87
2167,884,D24HourMean,QuarterlyMean,Mean,23.12
2183,902,D24HourMean,QuarterlyMean,Mean,26.90
2170,896,D24HourMean,QuarterlyMean,Mean,26.68
2166,909,D24HourMean,QuarterlyMean,Mean,21.16
2182,906,D24HourMean,QuarterlyMean,Mean,23.98
2170,895,D24HourMean,QuarterlyMean,Mean,27.23
2181,898,D24HourMean,QuarterlyMean,Mean,26.76
2169,922,D24HourMean,QuarterlyMean,Mean,22.88
2205,925,D24HourMean,QuarterlyMean,Mean,21.00
2200,908,D24HourMean,QuarterlyMean,Mean,25.15
2171,921,D24HourMean,QuarterlyMean,Mean,22.92
2192,912,D24HourMean,QuarterlyMean,Mean,25.83
2200,914,D24HourMean,QuarterlyMean,Mean,25.14
2198,921,D24HourMean,QuarterlyMean,Mean,25.41
2208,918,D24HourMean,QuarterlyMean,Mean,23.03
2184,898,D24HourMean,QuarterlyMean,Mean,26.96
2162,908,D24HourMean,QuarterlyMean,Mean,19.29
2187,900,D24HourMean,QuarterlyMean,Mean,29.13
2181,906,D24HourMean,QuarterlyMean,Mean,25.25
2199,907,D24HourMean,QuarterlyMean,Mean,27.62
2202,911,D24HourMean,QuarterlyMean,Mean,27.17
2171,912,D24HourMean,QuarterlyMean,Mean,24.58
2172,897,D24HourMean,QuarterlyMean,Mean,26.56
2170,898,D24HourMean,QuarterlyMean,Mean,23.28
2196,905,D24HourMean,QuarterlyMean,Mean,24.80
2167,905,D24HourMean,QuarterlyMean,Mean,24.05
2188,904,D24HourMean,QuarterlyMean,Mean,28.42
2177,926,D24HourMean,QuarterlyMean,Mean,21.80
2193,925,D24HourMean,QuarterlyMean,Mean,23.11
2173,922,D24HourMean,QuarterlyMean,Mean,23.23
2162,907,D24HourMean,QuarterlyMean,Mean,21.43
2167,888,D24HourMean,QuarterlyMean,Mean,23.09
2178,893,D24HourMean,QuarterlyMean,Mean,26.30
2203,924,D24HourMean,QuarterlyMean,Mean,20.95
2191,922,D24HourMean,QuarterlyMean,Mean,24.85
2175,918,D24HourMean,QuarterlyMean,Mean,22.77
2177,895,D24HourMean,QuarterlyMean,Mean,27.72
2205,908,D24HourMean,QuarterlyMean,Mean,23.50
2191,911,D24HourMean,QuarterlyMean,Mean,24.92
2202,902,D24HourMean,QuarterlyMean,Mean,23.97
2172,924,D24HourMean,QuarterlyMean,Mean,22.50
2210,921,D24HourMean,QuarterlyMean,Mean,23.33
2197,915,D24HourMean,QuarterlyMean,Mean,26.84
2202,919,D24HourMean,QuarterlyMean,Mean,24.60
2171,900,D24HourMean,QuarterlyMean,Mean,21.81
2161,896,D24HourMean,QuarterlyMean,Mean,19.79
2173,917,D24HourMean,QuarterlyMean,Mean,24.15
2162,916,D24HourMean,QuarterlyMean,Mean,15.60
2206,925,D24HourMean,QuarterlyMean,Mean,22.57
2186,918,D24HourMean,QuarterlyMean,Mean,24.66
2160,913,D24HourMean,QuarterlyMean,Mean,19.52
2200,915,D24HourMean,QuarterlyMean,Mean,27.14
2192,915,D24HourMean,QuarterlyMean,Mean,26.16
2187,907,D24HourMean,QuarterlyMean,Mean,29.38
2209,903,D24HourMean,QuarterlyMean,Mean,26.85
2196,921,D24HourMean,QuarterlyMean,Mean,23.89
2178,926,D24HourMean,QuarterlyMean,Mean,20.48
2213,914,D24HourMean,QuarterlyMean,Mean,27.22
2210,922,D24HourMean,QuarterlyMean,Mean,23.01
2178,890,D24HourMean,QuarterlyMean,Mean,25.20
2177,891,D24HourMean,QuarterlyMean,Mean,25.91
2177,915,D24HourMean,QuarterlyMean,Mean,23.46
2189,921,D24HourMean,QuarterlyMean,Mean,23.03
2176,916,D24HourMean,QuarterlyMean,Mean,22.55
2172,909,D24HourMean,QuarterlyMean,Mean,22.98
2171,898,D24HourMean,QuarterlyMean,Mean,23.66
2196,901,D24HourMean,QuarterlyMean,Mean,23.04
2160,892,D24HourMean,QuarterlyMean,Mean,22.48
2174,900,D24HourMean,QuarterlyMean,Mean,22.77
2181,908,D24HourMean,QuarterlyMean,Mean,22.44
2176,922,D24HourMean,QuarterlyMean,Mean,23.07
2173,900,D24HourMean,QuarterlyMean,Mean,22.76
2161,910,D24HourMean,QuarterlyMean,Mean,17.41
2220,929,D24HourMean,QuarterlyMean,Mean,23.27
2176,918,D24HourMean,QuarterlyMean,Mean,22.93
2201,904,D24HourMean,QuarterlyMean,Mean,24.68
2177,909,D24HourMean,QuarterlyMean,Mean,22.55
2201,912,D24HourMean,QuarterlyMean,Mean,27.81
2212,920,D24HourMean,QuarterlyMean,Mean,25.82
2182,900,D24HourMean,QuarterlyMean,Mean,25.91
2181,905,D24HourMean,QuarterlyMean,Mean,26.85
2204,910,D24HourMean,QuarterlyMean,Mean,26.12
2176,904,D24HourMean,QuarterlyMean,Mean,26.68
2168,885,D24HourMean,QuarterlyMean,Mean,22.66
2202,924,D24HourMean,QuarterlyMean,Mean,21.38
2174,909,D24HourMean,QuarterlyMean,Mean,23.41
2212,913,D24HourMean,QuarterlyMean,Mean,27.64
2162,909,D24HourMean,QuarterlyMean,Mean,17.09
2178,917,D24HourMean,QuarterlyMean,Mean,24.30
2173,913,D24HourMean,QuarterlyMean,Mean,23.65
2206,916,D24HourMean,QuarterlyMean,Mean,24.71
2173,896,D24HourMean,QuarterlyMean,Mean,25.66
2216,927,D24HourMean,QuarterlyMean,Mean,22.90
2160,911,D24HourMean,QuarterlyMean,Mean,19.71
2163,885,D24HourMean,QuarterlyMean,Mean,29.22
2176,897,D24HourMean,QuarterlyMean,Mean,28.22
2175,887,D24HourMean,QuarterlyMean,Mean,31.23
2180,897,D24HourMean,QuarterlyMean,Mean,27.22
2177,900,D24HourMean,QuarterlyMean,Mean,25.53
2164,919,D24HourMean,QuarterlyMean,Mean,19.69
2168,889,D24HourMean,QuarterlyMean,Mean,24.58
2181,899,D24HourMean,QuarterlyMean,Mean,25.91
2162,895,D24HourMean,QuarterlyMean,Mean,20.85
2179,889,D24HourMean,QuarterlyMean,Mean,27.78
2179,919,D24HourMean,QuarterlyMean,Mean,22.76
2192,917,D24HourMean,QuarterlyMean,Mean,25.41
2164,913,D24HourMean,QuarterlyMean,Mean,18.19
2176,913,D24HourMean,QuarterlyMean,Mean,24.54
2192,920,D24HourMean,QuarterlyMean,Mean,26.16
2188,908,D24HourMean,QuarterlyMean,Mean,31.07
2184,901,D24HourMean,QuarterlyMean,Mean,27.64
2170,889,D24HourMean,QuarterlyMean,Mean,26.33
2181,890,D24HourMean,QuarterlyMean,Mean,26.46
2161,912,D24HourMean,QuarterlyMean,Mean,17.20
2167,914,D24HourMean,QuarterlyMean,Mean,23.02
2165,888,D24HourMean,QuarterlyMean,Mean,27.20
2189,911,D24HourMean,QuarterlyMean,Mean,26.07
2185,913,D24HourMean,QuarterlyMean,Mean,25.94
2186,917,D24HourMean,QuarterlyMean,Mean,23.69
2209,910,D24HourMean,QuarterlyMean,Mean,28.60
2187,922,D24HourMean,QuarterlyMean,Mean,22.13
2193,909,D24HourMean,QuarterlyMean,Mean,24.47
2198,903,D24HourMean,QuarterlyMean,Mean,25.04
2171,895,D24HourMean,QuarterlyMean,Mean,28.11
2173,888,D24HourMean,QuarterlyMean,Mean,27.81
2216,926,D24HourMean,QuarterlyMean,Mean,22.18
2165,905,D24HourMean,QuarterlyMean,Mean,20.39
2171,903,D24HourMean,QuarterlyMean,Mean,22.31
2203,919,D24HourMean,QuarterlyMean,Mean,25.90
2188,913,D24HourMean,QuarterlyMean,Mean,26.15
2167,885,D24HourMean,QuarterlyMean,Mean,23.01
2198,904,D24HourMean,QuarterlyMean,Mean,24.47
2209,924,D24HourMean,QuarterlyMean,Mean,21.88
2202,927,D24HourMean,QuarterlyMean,Mean,21.58
2190,924,D24HourMean,QuarterlyMean,Mean,25.25
2178,895,D24HourMean,QuarterlyMean,Mean,28.24
2167,902,D24HourMean,QuarterlyMean,Mean,19.35
2203,913,D24HourMean,QuarterlyMean,Mean,24.12
2205,920,D24HourMean,QuarterlyMean,Mean,23.66
2184,919,D24HourMean,QuarterlyMean,Mean,22.95
2213,922,D24HourMean,QuarterlyMean,Mean,23.52
2161,888,D24HourMean,QuarterlyMean,Mean,24.74
2195,926,D24HourMean,QuarterlyMean,Mean,21.77
2184,907,D24HourMean,QuarterlyMean,Mean,22.71
2185,898,D24HourMean,QuarterlyMean,Mean,28.25
2193,921,D24HourMean,QuarterlyMean,Mean,24.04
2174,916,D24HourMean,QuarterlyMean,Mean,22.58
2197,912,D24HourMean,QuarterlyMean,Mean,26.59
2212,928,D24HourMean,QuarterlyMean,Mean,21.93
2178,906,D24HourMean,QuarterlyMean,Mean,22.71
2195,925,D24HourMean,QuarterlyMean,Mean,23.63
2192,916,D24HourMean,QuarterlyMean,Mean,26.79
2169,908,D24HourMean,QuarterlyMean,Mean,24.71
2188,895,D24HourMean,QuarterlyMean,Mean,27.67
2164,917,D24HourMean,QuarterlyMean,Mean,19.67
2206,908,D24HourMean,QuarterlyMean,Mean,24.39
2171,887,D24HourMean,QuarterlyMean,Mean,24.20
2188,915,D24HourMean,QuarterlyMean,Mean,24.85
2189,901,D24HourMean,QuarterlyMean,Mean,24.28
2161,909,D24HourMean,QuarterlyMean,Mean,18.40
2175,906,D24HourMean,QuarterlyMean,Mean,22.28
2193,908,D24HourMean,QuarterlyMean,Mean,25.48
2209,928,D24HourMean,QuarterlyMean,Mean,20.66
2185,909,D24HourMean,QuarterlyMean,Mean,23.04
2171,925,D24HourMean,QuarterlyMean,Mean,22.25
2196,916,D24HourMean,QuarterlyMean,Mean,26.97
2184,891,D24HourMean,QuarterlyMean,Mean,26.38
2180,918,D24HourMean,QuarterlyMean,Mean,22.92
2206,928,D24HourMean,QuarterlyMean,Mean,20.20
2198,902,D24HourMean,QuarterlyMean,Mean,23.34
2170,903,D24HourMean,QuarterlyMean,Mean,21.83
2171,902,D24HourMean,QuarterlyMean,Mean,22.88
2194,911,D24HourMean,QuarterlyMean,Mean,28.30
2187,897,D24HourMean,QuarterlyMean,Mean,29.25
2189,899,D24HourMean,QuarterlyMean,Mean,26.54
2176,911,D24HourMean,QuarterlyMean,Mean,25.07
2169,918,D24HourMean,QuarterlyMean,Mean,23.47
2184,895,D24HourMean,QuarterlyMean,Mean,27.37
2176,907,D24HourMean,QuarterlyMean,Mean,22.45
2210,914,D24HourMean,QuarterlyMean,Mean,25.48
2197,900,D24HourMean,QuarterlyMean,Mean,24.27
2161,913,D24HourMean,QuarterlyMean,Mean,17.84
2161,893,D24HourMean,QuarterlyMean,Mean,23.74
2169,892,D24HourMean,QuarterlyMean,Mean,24.25
2201,924,D24HourMean,QuarterlyMean,Mean,21.75
2169,896,D24HourMean,QuarterlyMean,Mean,25.96
2208,928,D24HourMean,QuarterlyMean,Mean,19.76
2190,902,D24HourMean,QuarterlyMean,Mean,23.01
2170,906,D24HourMean,QuarterlyMean,Mean,22.10
2183,925,D24HourMean,QuarterlyMean,Mean,21.61
2182,898,D24HourMean,QuarterlyMean,Mean,27.23
2206,910,D24HourMean,QuarterlyMean,Mean,27.03
2192,922,D24HourMean,QuarterlyMean,Mean,24.46
2205,918,D24HourMean,QuarterlyMean,Mean,28.13
2207,914,D24HourMean,QuarterlyMean,Mean,24.85
2214,929,D24HourMean,QuarterlyMean,Mean,19.71
2208,908,D24HourMean,QuarterlyMean,Mean,24.06
2170,899,D24HourMean,QuarterlyMean,Mean,22.60
2174,902,D24HourMean,QuarterlyMean,Mean,25.94
2160,894,D24HourMean,QuarterlyMean,Mean,21.33
2197,916,D24HourMean,QuarterlyMean,Mean,25.56
2171,888,D24HourMean,QuarterlyMean,Mean,25.72
2184,917,D24HourMean,QuarterlyMean,Mean,23.71
2205,915,D24HourMean,QuarterlyMean,Mean,24.04
2173,897,D24HourMean,QuarterlyMean,Mean,26.21
2182,890,D24HourMean,QuarterlyMean,Mean,26.41
2167,920,D24HourMean,QuarterlyMean,Mean,22.25
2172,926,D24HourMean,QuarterlyMean,Mean,21.72
2209,922,D24HourMean,QuarterlyMean,Mean,22.55
2176,925,D24HourMean,QuarterlyMean,Mean,22.31
2201,917,D24HourMean,QuarterlyMean,Mean,24.65
2191,903,D24HourMean,QuarterlyMean,Mean,23.92
2169,910,D24HourMean,QuarterlyMean,Mean,24.06
2201,926,D24HourMean,QuarterlyMean,Mean,23.27
2206,927,D24HourMean,QuarterlyMean,Mean,21.45
2195,911,D24HourMean,QuarterlyMean,Mean,27.80
2201,915,D24HourMean,QuarterlyMean,Mean,27.83
2213,924,D24HourMean,QuarterlyMean,Mean,20.52
2175,896,D24HourMean,QuarterlyMean,Mean,27.62
2187,924,D24HourMean,QuarterlyMean,Mean,22.39
2161,886,D24HourMean,QuarterlyMean,Mean,26.82
2180,908,D24HourMean,QuarterlyMean,Mean,22.58
2205,928,D24HourMean,QuarterlyMean,Mean,21.24
2202,901,D24HourMean,QuarterlyMean,Mean,23.60
2213,929,D24HourMean,QuarterlyMean,Mean,19.79
2183,922,D24HourMean,QuarterlyMean,Mean,22.79
2223,931,D24HourMean,QuarterlyMean,Mean,22.68
2207,909,D24HourMean,QuarterlyMean,Mean,24.44
2173,894,D24HourMean,QuarterlyMean,Mean,29.58
2168,896,D24HourMean,QuarterlyMean,Mean,24.36
2175,911,D24HourMean,QuarterlyMean,Mean,25.82
2162,915,D24HourMean,QuarterlyMean,Mean,15.61
2187,908,D24HourMean,QuarterlyMean,Mean,30.45
2176,914,D24HourMean,QuarterlyMean,Mean,24.84
2171,889,D24HourMean,QuarterlyMean,Mean,26.26
2182,901,D24HourMean,QuarterlyMean,Mean,26.96
2163,909,D24HourMean,QuarterlyMean,Mean,16.86
2205,919,D24HourMean,QuarterlyMean,Mean,26.79
2210,919,D24HourMean,QuarterlyMean,Mean,24.73
2165,892,D24HourMean,QuarterlyMean,Mean,26.60
2178,910,D24HourMean,QuarterlyMean,Mean,24.36
2184,910,D24HourMean,QuarterlyMean,Mean,22.63
2208,905,D24HourMean,QuarterlyMean,Mean,26.26
2160,914,D24HourMean,QuarterlyMean,Mean,19.07
2172,887,D24HourMean,QuarterlyMean,Mean,27.01
2167,926,D24HourMean,QuarterlyMean,Mean,21.16
2207,912,D24HourMean,QuarterlyMean,Mean,24.71
2186,922,D24HourMean,QuarterlyMean,Mean,22.07
2198,908,D24HourMean,QuarterlyMean,Mean,25.56
2168,886,D24HourMean,QuarterlyMean,Mean,21.68
2209,909,D24HourMean,QuarterlyMean,Mean,25.12
2219,928,D24HourMean,QuarterlyMean,Mean,21.42
2168,894,D24HourMean,QuarterlyMean,Mean,25.01
2204,924,D24HourMean,QuarterlyMean,Mean,22.09
2212,923,D24HourMean,QuarterlyMean,Mean,22.01
2171,909,D24HourMean,QuarterlyMean,Mean,24.03
2186,904,D24HourMean,QuarterlyMean,Mean,30.95
2209,906,D24HourMean,QuarterlyMean,Mean,26.18
2162,897,D24HourMean,QuarterlyMean,Mean,20.27
2172,893,D24HourMean,QuarterlyMean,Mean,27.04
2205,905,D24HourMean,QuarterlyMean,Mean,25.61
2165,896,D24HourMean,QuarterlyMean,Mean,26.11
2199,926,D24HourMean,QuarterlyMean,Mean,22.04
2180,893,D24HourMean,QuarterlyMean,Mean,26.21
2164,899,D24HourMean,QuarterlyMean,Mean,17.24
2181,894,D24HourMean,QuarterlyMean,Mean,26.96
2192,897,D24HourMean,QuarterlyMean,Mean,24.34
2187,915,D24HourMean,QuarterlyMean,Mean,25.56
2187,893,D24HourMean,QuarterlyMean,Mean,27.91
2170,925,D24HourMean,QuarterlyMean,Mean,22.55
2173,920,D24HourMean,QuarterlyMean,Mean,23.07
2163,894,D24HourMean,QuarterlyMean,Mean,25.55
2176,912,D24HourMean,QuarterlyMean,Mean,24.41
2166,917,D24HourMean,QuarterlyMean,Mean,18.88
2187,910,D24HourMean,QuarterlyMean,Mean,25.14
2187,899,D24HourMean,QuarterlyMean,Mean,29.94
2164,915,D24HourMean,QuarterlyMean,Mean,18.03
2198,924,D24HourMean,QuarterlyMean,Mean,21.25
2195,910,D24HourMean,QuarterlyMean,Mean,28.67
2179,891,D24HourMean,QuarterlyMean,Mean,24.68
2169,909,D24HourMean,QuarterlyMean,Mean,25.66
2199,903,D24HourMean,QuarterlyMean,Mean,24.71
2181,920,D24HourMean,QuarterlyMean,Mean,22.68
2194,918,D24HourMean,QuarterlyMean,Mean,25.06
2168,902,D24HourMean,QuarterlyMean,Mean,19.06
2170,901,D24HourMean,QuarterlyMean,Mean,21.41
2189,913,D24HourMean,QuarterlyMean,Mean,25.07
2169,920,D24HourMean,QuarterlyMean,Mean,23.11
2200,921,D24HourMean,QuarterlyMean,Mean,25.42
2211,913,D24HourMean,QuarterlyMean,Mean,26.43
2176,896,D24HourMean,QuarterlyMean,Mean,27.50
2170,916,D24HourMean,QuarterlyMean,Mean,23.57
2184,916,D24HourMean,QuarterlyMean,Mean,23.81
2193,910,D24HourMean,QuarterlyMean,Mean,26.73
2169,893,D24HourMean,QuarterlyMean,Mean,24.53
2212,922,D24HourMean,QuarterlyMean,Mean,23.24
2188,919,D24HourMean,QuarterlyMean,Mean,25.31
2176,926,D24HourMean,QuarterlyMean,Mean,21.88
2193,896,D24HourMean,QuarterlyMean,Mean,24.82
2185,906,D24HourMean,QuarterlyMean,Mean,25.04
2180,894,D24HourMean,QuarterlyMean,Mean,26.92
2179,893,D24HourMean,QuarterlyMean,Mean,26.15
2182,918,D24HourMean,QuarterlyMean,Mean,23.09
2196,903,D24HourMean,QuarterlyMean,Mean,24.22
2200,912,D24HourMean,QuarterlyMean,Mean,31.48
2182,927,D24HourMean,QuarterlyMean,Mean,22.77
2220,927,D24HourMean,QuarterlyMean,Mean,21.24
2182,924,D24HourMean,QuarterlyMean,Mean,21.89
2192,907,D24HourMean,QuarterlyMean,Mean,25.04
2171,910,D24HourMean,QuarterlyMean,Mean,23.98
2201,914,D24HourMean,QuarterlyMean,Mean,26.49
2196,922,D24HourMean,QuarterlyMean,Mean,22.21
2163,906,D24HourMean,QuarterlyMean,Mean,21.00
2221,928,D24HourMean,QuarterlyMean,Mean,21.19
2202,917,D24HourMean,QuarterlyMean,Mean,24.00
2171,904,D24HourMean,QuarterlyMean,Mean,21.59
2196,915,D24HourMean,QuarterlyMean,Mean,26.46
2171,915,D24HourMean,QuarterlyMean,Mean,24.52
2202,909,D24HourMean,QuarterlyMean,Mean,23.19
2190,905,D24HourMean,QuarterlyMean,Mean,24.52
2173,921,D24HourMean,QuarterlyMean,Mean,22.87
2179,892,D24HourMean,QuarterlyMean,Mean,24.95
2189,905,D24HourMean,QuarterlyMean,Mean,25.70
2199,901,D24HourMean,QuarterlyMean,Mean,20.96
2186,921,D24HourMean,QuarterlyMean,Mean,23.84
2173,890,D24HourMean,QuarterlyMean,Mean,26.38
2187,902,D24HourMean,QuarterlyMean,Mean,28.28
2208,920,D24HourMean,QuarterlyMean,Mean,23.14
2206,915,D24HourMean,QuarterlyMean,Mean,23.71
2177,904,D24HourMean,QuarterlyMean,Mean,27.64
2203,907,D24HourMean,QuarterlyMean,Mean,24.66
2171,896,D24HourMean,QuarterlyMean,Mean,27.37
2189,910,D24HourMean,QuarterlyMean,Mean,25.64
2189,922,D24HourMean,QuarterlyMean,Mean,23.74
2191,898,D24HourMean,QuarterlyMean,Mean,26.89
2207,924,D24HourMean,QuarterlyMean,Mean,21.35
2170,891,D24HourMean,QuarterlyMean,Mean,25.77
2195,915,D24HourMean,QuarterlyMean,Mean,26.37
2209,929,D24HourMean,QuarterlyMean,Mean,21.29
2185,905,D24HourMean,QuarterlyMean,Mean,27.03
2179,916,D24HourMean,QuarterlyMean,Mean,23.68
2185,915,D24HourMean,QuarterlyMean,Mean,25.09
2183,927,D24HourMean,QuarterlyMean,Mean,21.78
2160,891,D24HourMean,QuarterlyMean,Mean,22.66
2176,887,D24HourMean,QuarterlyMean,Mean,32.11
2194,900,D24HourMean,QuarterlyMean,Mean,23.79
2206,917,D24HourMean,QuarterlyMean,Mean,22.77
2175,919,D24HourMean,QuarterlyMean,Mean,24.93
2162,917,D24HourMean,QuarterlyMean,Mean,16.63
2165,912,D24HourMean,QuarterlyMean,Mean,21.45
2167,925,D24HourMean,QuarterlyMean,Mean,23.55
2210,927,D24HourMean,QuarterlyMean,Mean,22.54
2166,893,D24HourMean,QuarterlyMean,Mean,27.12
2175,921,D24HourMean,QuarterlyMean,Mean,22.91
2183,912,D24HourMean,QuarterlyMean,Mean,24.76
2189,903,D24HourMean,QuarterlyMean,Mean,24.71
2178,920,D24HourMean,QuarterlyMean,Mean,23.84
2176,889,D24HourMean,QuarterlyMean,Mean,28.53
2201,908,D24HourMean,QuarterlyMean,Mean,24.69
2164,886,D24HourMean,QuarterlyMean,Mean,29.17
2182,920,D24HourMean,QuarterlyMean,Mean,22.71
2182,921,D24HourMean,QuarterlyMean,Mean,23.63
2170,900,D24HourMean,QuarterlyMean,Mean,22.12
2187,926,D24HourMean,QuarterlyMean,Mean,21.61
2165,893,D24HourMean,QuarterlyMean,Mean,25.42
2181,897,D24HourMean,QuarterlyMean,Mean,26.85
2206,909,D24HourMean,QuarterlyMean,Mean,23.71
2185,923,D24HourMean,QuarterlyMean,Mean,22.80
2168,913,D24HourMean,QuarterlyMean,Mean,24.43
2181,895,D24HourMean,QuarterlyMean,Mean,26.76
2189,912,D24HourMean,QuarterlyMean,Mean,24.99
2166,918,D24HourMean,QuarterlyMean,Mean,20.79
2173,912,D24HourMean,QuarterlyMean,Mean,25.09
2183,924,D24HourMean,QuarterlyMean,Mean,21.83
2199,917,D24HourMean,QuarterlyMean,Mean,25.66
2207,908,D24HourMean,QuarterlyMean,Mean,24.15
2180,909,D24HourMean,QuarterlyMean,Mean,22.12
2184,904,D24HourMean,QuarterlyMean,Mean,28.08
2177,908,D24HourMean,QuarterlyMean,Mean,21.52
2212,930,D24HourMean,QuarterlyMean,Mean,19.92
2182,926,D24HourMean,QuarterlyMean,Mean,21.57
2174,906,D24HourMean,QuarterlyMean,Mean,22.37
2181,924,D24HourMean,QuarterlyMean,Mean,21.69
2196,920,D24HourMean,QuarterlyMean,Mean,25.63
2167,909,D24HourMean,QuarterlyMean,Mean,22.62
2179,915,D24HourMean,QuarterlyMean,Mean,24.81
2196,910,D24HourMean,QuarterlyMean,Mean,27.80
2167,890,D24HourMean,QuarterlyMean,Mean,23.26
2198,923,D24HourMean,QuarterlyMean,Mean,20.93
2164,896,D24HourMean,QuarterlyMean,Mean,24.34
2187,917,D24HourMean,QuarterlyMean,Mean,23.82
2204,914,D24HourMean,QuarterlyMean,Mean,23.68
2195,901,D24HourMean,QuarterlyMean,Mean,23.30
2194,913,D24HourMean,QuarterlyMean,Mean,25.39
2183,891,D24HourMean,QuarterlyMean,Mean,25.70
2204,904,D24HourMean,QuarterlyMean,Mean,26.48
2208,904,D24HourMean,QuarterlyMean,Mean,26.22
2160,915,D24HourMean,QuarterlyMean,Mean,17.61
2194,904,D24HourMean,QuarterlyMean,Mean,25.85
2195,916,D24HourMean,QuarterlyMean,Mean,28.55
2195,898,D24HourMean,QuarterlyMean,Mean,24.19
2204,929,D24HourMean,QuarterlyMean,Mean,20.65
2207,921,D24HourMean,QuarterlyMean,Mean,21.51
2179,914,D24HourMean,QuarterlyMean,Mean,24.39
2174,921,D24HourMean,QuarterlyMean,Mean,22.87
2202,908,D24HourMean,QuarterlyMean,Mean,25.12
2184,920,D24HourMean,QuarterlyMean,Mean,23.84
2199,909,D24HourMean,QuarterlyMean,Mean,24.28
2164,907,D24HourMean,QuarterlyMean,Mean,19.07
2168,898,D24HourMean,QuarterlyMean,Mean,21.97
2187,916,D24HourMean,QuarterlyMean,Mean,25.20
2217,927,D24HourMean,QuarterlyMean,Mean,22.92
2167,899,D24HourMean,QuarterlyMean,Mean,19.82
2204,909,D24HourMean,QuarterlyMean,Mean,22.63
2213,927,D24HourMean,QuarterlyMean,Mean,22.60
2213,923,D24HourMean,QuarterlyMean,Mean,22.02
2173,893,D24HourMean,QuarterlyMean,Mean,26.90
2170,893,D24HourMean,QuarterlyMean,Mean,26.10
2199,919,D24HourMean,QuarterlyMean,Mean,25.86
2191,920,D24HourMean,QuarterlyMean,Mean,23.66
2181,904,D24HourMean,QuarterlyMean,Mean,27.58
2207,927,D24HourMean,QuarterlyMean,Mean,20.28
2215,930,D24HourMean,QuarterlyMean,Mean,20.40
2183,918,D24HourMean,QuarterlyMean,Mean,22.92
2206,929,D24HourMean,QuarterlyMean,Mean,19.89
2188,901,D24HourMean,QuarterlyMean,Mean,27.00
2210,909,D24HourMean,QuarterlyMean,Mean,24.66
2171,893,D24HourMean,QuarterlyMean,Mean,27.33
2182,905,D24HourMean,QuarterlyMean,Mean,25.23
2194,917,D24HourMean,QuarterlyMean,Mean,26.71
2211,917,D24HourMean,QuarterlyMean,Mean,26.87
2203,901,D24HourMean,QuarterlyMean,Mean,23.66
2214,917,D24HourMean,QuarterlyMean,Mean,26.46
2190,910,D24HourMean,QuarterlyMean,Mean,26.70
2179,918,D24HourMean,QuarterlyMean,Mean,22.48
2178,896,D24HourMean,QuarterlyMean,Mean,27.53
2163,915,D24HourMean,QuarterlyMean,Mean,16.86
2174,901,D24HourMean,QuarterlyMean,Mean,24.20
2178,899,D24HourMean,QuarterlyMean,Mean,25.93
2170,887,D24HourMean,QuarterlyMean,Mean,23.23
2164,887,D24HourMean,QuarterlyMean,Mean,26.90
2167,907,D24HourMean,QuarterlyMean,Mean,21.21
2185,918,D24HourMean,QuarterlyMean,Mean,23.66
2221,929,D24HourMean,QuarterlyMean,Mean,23.06
2166,894,D24HourMean,QuarterlyMean,Mean,25.99
2188,923,D24HourMean,QuarterlyMean,Mean,22.09
2174,908,D24HourMean,QuarterlyMean,Mean,22.07
2195,902,D24HourMean,QuarterlyMean,Mean,24.11
2166,896,D24HourMean,QuarterlyMean,Mean,25.23
2210,912,D24HourMean,QuarterlyMean,Mean,26.54
2188,893,D24HourMean,QuarterlyMean,Mean,27.37
2170,919,D24HourMean,QuarterlyMean,Mean,23.39
2175,900,D24HourMean,QuarterlyMean,Mean,23.12
2182,928,D24HourMean,QuarterlyMean,Mean,21.51
2204,905,D24HourMean,QuarterlyMean,Mean,25.59
2191,916,D24HourMean,QuarterlyMean,Mean,26.24
2209,919,D24HourMean,QuarterlyMean,Mean,26.56
2180,906,D24HourMean,QuarterlyMean,Mean,24.87
2161,887,D24HourMean,QuarterlyMean,Mean,25.77
2191,907,D24HourMean,QuarterlyMean,Mean,25.64
2204,923,D24HourMean,QuarterlyMean,Mean,22.01
2168,905,D24HourMean,QuarterlyMean,Mean,22.92
2177,896,D24HourMean,QuarterlyMean,Mean,27.07
2184,913,D24HourMean,QuarterlyMean,Mean,25.25
2198,907,D24HourMean,QuarterlyMean,Mean,26.34
2165,890,D24HourMean,QuarterlyMean,Mean,26.21
2179,895,D24HourMean,QuarterlyMean,Mean,28.20
2211,919,D24HourMean,QuarterlyMean,Mean,26.56
2173,887,D24HourMean,QuarterlyMean,Mean,28.03
2210,906,D24HourMean,QuarterlyMean,Mean,26.63
2196,907,D24HourMean,QuarterlyMean,Mean,25.61
2192,902,D24HourMean,QuarterlyMean,Mean,23.30
2172,899,D24HourMean,QuarterlyMean,Mean,22.98
2185,927,D24HourMean,QuarterlyMean,Mean,20.11
2180,921,D24HourMean,QuarterlyMean,Mean,22.90
2184,923,D24HourMean,QuarterlyMean,Mean,22.66
2179,890,D24HourMean,QuarterlyMean,Mean,25.23
2183,910,D24HourMean,QuarterlyMean,Mean,22.20
2166,892,D24HourMean,QuarterlyMean,Mean,27.92
2201,909,D24HourMean,QuarterlyMean,Mean,23.55
2166,890,D24HourMean,QuarterlyMean,Mean,23.96
2172,900,D24HourMean,QuarterlyMean,Mean,23.58
2180,919,D24HourMean,QuarterlyMean,Mean,22.82
2194,919,D24HourMean,QuarterlyMean,Mean,24.35
2212,927,D24HourMean,QuarterlyMean,Mean,22.71
2170,888,D24HourMean,QuarterlyMean,Mean,26.63
2212,921,D24HourMean,QuarterlyMean,Mean,24.89
2179,899,D24HourMean,QuarterlyMean,Mean,25.75
2191,908,D24HourMean,QuarterlyMean,Mean,24.50
2213,917,D24HourMean,QuarterlyMean,Mean,27.23
2199,920,D24HourMean,QuarterlyMean,Mean,26.24
2172,913,D24HourMean,QuarterlyMean,Mean,23.93
2178,921,D24HourMean,QuarterlyMean,Mean,23.84
2208,903,D24HourMean,QuarterlyMean,Mean,26.73
2198,900,D24HourMean,QuarterlyMean,Mean,22.50
2200,904,D24HourMean,QuarterlyMean,Mean,24.93
2195,897,D24HourMean,QuarterlyMean,Mean,25.37
2183,913,D24HourMean,QuarterlyMean,Mean,23.87
2179,917,D24HourMean,QuarterlyMean,Mean,23.30
2208,916,D24HourMean,QuarterlyMean,Mean,25.48
2203,920,D24HourMean,QuarterlyMean,Mean,26.16
2215,926,D24HourMean,QuarterlyMean,Mean,21.85
2192,921,D24HourMean,QuarterlyMean,Mean,25.67
2168,903,D24HourMean,QuarterlyMean,Mean,21.62
2168,917,D24HourMean,QuarterlyMean,Mean,23.30
2185,919,D24HourMean,QuarterlyMean,Mean,23.28
2194,906,D24HourMean,QuarterlyMean,Mean,27.17
2188,911,D24HourMean,QuarterlyMean,Mean,22.40
2161,915,D24HourMean,QuarterlyMean,Mean,17.43
2213,930,D24HourMean,QuarterlyMean,Mean,19.89
2201,921,D24HourMean,QuarterlyMean,Mean,24.41
2175,920,D24HourMean,QuarterlyMean,Mean,24.09
2215,927,D24HourMean,QuarterlyMean,Mean,22.57
2177,921,D24HourMean,QuarterlyMean,Mean,24.30
2188,909,D24HourMean,QuarterlyMean,Mean,25.83
2185,911,D24HourMean,QuarterlyMean,Mean,23.04
2174,889,D24HourMean,QuarterlyMean,Mean,27.95
2202,922,D24HourMean,QuarterlyMean,Mean,23.39
2169,924,D24HourMean,QuarterlyMean,Mean,22.31
2199,918,D24HourMean,QuarterlyMean,Mean,24.77
2184,899,D24HourMean,QuarterlyMean,Mean,28.06
2206,913,D24HourMean,QuarterlyMean,Mean,25.34
2160,889,D24HourMean,QuarterlyMean,Mean,24.08
2208,915,D24HourMean,QuarterlyMean,Mean,24.84
2213,926,D24HourMean,QuarterlyMean,Mean,21.93
2181,925,D24HourMean,QuarterlyMean,Mean,20.00
2202,915,D24HourMean,QuarterlyMean,Mean,26.07
2212,911,D24HourMean,QuarterlyMean,Mean,27.18
2204,913,D24HourMean,QuarterlyMean,Mean,25.06
2198,899,D24HourMean,QuarterlyMean,Mean,24.99
2198,916,D24HourMean,QuarterlyMean,Mean,25.22
2167,913,D24HourMean,QuarterlyMean,Mean,23.62
2199,899,D24HourMean,QuarterlyMean,Mean,25.82
2169,899,D24HourMean,QuarterlyMean,Mean,21.78
2186,899,D24HourMean,QuarterlyMean,Mean,28.91
2192,908,D24HourMean,QuarterlyMean,Mean,24.77
2164,892,D24HourMean,QuarterlyMean,Mean,26.89
2170,921,D24HourMean,QuarterlyMean,Mean,22.82
2183,921,D24HourMean,QuarterlyMean,Mean,23.93
2204,907,D24HourMean,QuarterlyMean,Mean,24.58
2196,900,D24HourMean,QuarterlyMean,Mean,22.90
2196,911,D24HourMean,QuarterlyMean,Mean,27.50
2191,901,D24HourMean,QuarterlyMean,Mean,23.87
2202,912,D24HourMean,QuarterlyMean,Mean,25.58
2179,902,D24HourMean,QuarterlyMean,Mean,25.96
2207,905,D24HourMean,QuarterlyMean,Mean,25.63
2169,925,D24HourMean,QuarterlyMean,Mean,22.29
2205,910,D24HourMean,QuarterlyMean,Mean,27.30
2190,917,D24HourMean,QuarterlyMean,Mean,23.27
2168,921,D24HourMean,QuarterlyMean,Mean,22.69
2177,923,D24HourMean,QuarterlyMean,Mean,22.82
2174,922,D24HourMean,QuarterlyMean,Mean,22.91
2198,912,D24HourMean,QuarterlyMean,Mean,29.05
2205,912,D24HourMean,QuarterlyMean,Mean,25.03
2174,888,D24HourMean,QuarterlyMean,Mean,28.31
2192,904,D24HourMean,QuarterlyMean,Mean,24.82
2189,916,D24HourMean,QuarterlyMean,Mean,23.54
2162,893,D24HourMean,QuarterlyMean,Mean,24.95
2181,911,D24HourMean,QuarterlyMean,Mean,25.88
2186,901,D24HourMean,QuarterlyMean,Mean,27.73
2188,899,D24HourMean,QuarterlyMean,Mean,29.78
2186,902,D24HourMean,QuarterlyMean,Mean,28.06
2211,909,D24HourMean,QuarterlyMean,Mean,22.69
2164,884,D24HourMean,QuarterlyMean,Mean,22.66
2174,926,D24HourMean,QuarterlyMean,Mean,22.15
2181,907,D24HourMean,QuarterlyMean,Mean,23.65
2172,914,D24HourMean,QuarterlyMean,Mean,24.01
2168,900,D24HourMean,QuarterlyMean,Mean,20.16
2169,913,D24HourMean,QuarterlyMean,Mean,23.81
2165,894,D24HourMean,QuarterlyMean,Mean,24.79
2189,925,D24HourMean,QuarterlyMean,Mean,22.98
2193,915,D24HourMean,QuarterlyMean,Mean,27.04
2219,927,D24HourMean,QuarterlyMean,Mean,21.30
2206,921,D24HourMean,QuarterlyMean,Mean,21.17
2169,905,D24HourMean,QuarterlyMean,Mean,21.85
2185,894,D24HourMean,QuarterlyMean,Mean,27.83
2170,892,D24HourMean,QuarterlyMean,Mean,24.99
2179,908,D24HourMean,QuarterlyMean,Mean,21.88
2168,895,D24HourMean,QuarterlyMean,Mean,24.90
2189,924,D24HourMean,QuarterlyMean,Mean,24.79
2170,902,D24HourMean,QuarterlyMean,Mean,21.94
2211,918,D24HourMean,QuarterlyMean,Mean,25.61
2180,890,D24HourMean,QuarterlyMean,Mean,26.65
2184,909,D24HourMean,QuarterlyMean,Mean,22.98
2178,898,D24HourMean,QuarterlyMean,Mean,25.29
2176,890,D24HourMean,QuarterlyMean,Mean,28.78
2194,907,D24HourMean,QuarterlyMean,Mean,27.17
2205,902,D24HourMean,QuarterlyMean,Mean,24.31
2184,903,D24HourMean,QuarterlyMean,Mean,26.29
2176,893,D24HourMean,QuarterlyMean,Mean,27.11
2166,914,D24HourMean,QuarterlyMean,Mean,22.71
2191,900,D24HourMean,QuarterlyMean,Mean,25.07
2174,891,D24HourMean,QuarterlyMean,Mean,26.27
2174,903,D24HourMean,QuarterlyMean,Mean,24.58
2195,905,D24HourMean,QuarterlyMean,Mean,25.29
2174,920,D24HourMean,QuarterlyMean,Mean,23.77
2202,906,D24HourMean,QuarterlyMean,Mean,29.67
2195,913,D24HourMean,QuarterlyMean,Mean,24.44
2176,888,D24HourMean,QuarterlyMean,Mean,28.89
2191,896,D24HourMean,QuarterlyMean,Mean,25.12
2202,907,D24HourMean,QuarterlyMean,Mean,30.87
2193,918,D24HourMean,QuarterlyMean,Mean,25.50
2194,914,D24HourMean,QuarterlyMean,Mean,25.23
2196,924,D24HourMean,QuarterlyMean,Mean,23.54
2171,926,D24HourMean,QuarterlyMean,Mean,22.23
2174,915,D24HourMean,QuarterlyMean,Mean,23.39
2189,897,D24HourMean,QuarterlyMean,Mean,26.00
2171,885,D24HourMean,QuarterlyMean,Mean,23.47
2160,917,D24HourMean,QuarterlyMean,Mean,15.74
2167,918,D24HourMean,QuarterlyMean,Mean,21.43
2164,895,D24HourMean,QuarterlyMean,Mean,24.23
2176,905,D24HourMean,QuarterlyMean,Mean,25.47
2188,925,D24HourMean,QuarterlyMean,Mean,22.20
2181,915,D24HourMean,QuarterlyMean,Mean,23.82
2183,892,D24HourMean,QuarterlyMean,Mean,25.31
2166,898,D24HourMean,QuarterlyMean,Mean,20.74
2166,908,D24HourMean,QuarterlyMean,Mean,20.12
2169,904,D24HourMean,QuarterlyMean,Mean,23.79
2178,901,D24HourMean,QuarterlyMean,Mean,26.16
2200,901,D24HourMean,QuarterlyMean,Mean,22.98
2171,891,D24HourMean,QuarterlyMean,Mean,26.04
2177,894,D24HourMean,QuarterlyMean,Mean,27.42
2185,921,D24HourMean,QuarterlyMean,Mean,23.52
2168,893,D24HourMean,QuarterlyMean,Mean,25.31
2188,920,D24HourMean,QuarterlyMean,Mean,25.00
2190,908,D24HourMean,QuarterlyMean,Mean,24.39
2174,913,D24HourMean,QuarterlyMean,Mean,23.54
2178,912,D24HourMean,QuarterlyMean,Mean,24.27
2173,908,D24HourMean,QuarterlyMean,Mean,22.61
2173,901,D24HourMean,QuarterlyMean,Mean,24.39
2207,928,D24HourMean,QuarterlyMean,Mean,19.89
2210,911,D24HourMean,QuarterlyMean,Mean,27.09
2166,884,D24HourMean,QuarterlyMean,Mean,25.42
2207,916,D24HourMean,QuarterlyMean,Mean,26.16
2222,930,D24HourMean,QuarterlyMean,Mean,20.66
2193,912,D24HourMean,QuarterlyMean,Mean,25.74
2204,928,D24HourMean,QuarterlyMean,Mean,21.10
2169,886,D24HourMean,QuarterlyMean,Mean,23.82
2163,886,D24HourMean,QuarterlyMean,Mean,28.22
2182,912,D24HourMean,QuarterlyMean,Mean,23.71
2169,883,D24HourMean,QuarterlyMean,Mean,22.50
2222,932,D24HourMean,QuarterlyMean,Mean,21.35
2166,906,D24HourMean,QuarterlyMean,Mean,23.70
2169,898,D24HourMean,QuarterlyMean,Mean,23.03
2181,919,D24HourMean,QuarterlyMean,Mean,22.26
2195,917,D24HourMean,QuarterlyMean,Mean,26.90
2169,921,D24HourMean,QuarterlyMean,Mean,22.61
2183,897,D24HourMean,QuarterlyMean,Mean,27.01
2209,927,D24HourMean,QuarterlyMean,Mean,21.96
2190,899,D24HourMean,QuarterlyMean,Mean,26.32
2207,913,D24HourMean,QuarterlyMean,Mean,24.65
2165,889,D24HourMean,QuarterlyMean,Mean,27.75
2171,901,D24HourMean,QuarterlyMean,Mean,22.88
2193,923,D24HourMean,QuarterlyMean,Mean,23.33
2205,909,D24HourMean,QuarterlyMean,Mean,23.28
2185,892,D24HourMean,QuarterlyMean,Mean,26.26
2199,912,D24HourMean,QuarterlyMean,Mean,28.33
2216,928,D24HourMean,QuarterlyMean,Mean,23.11
2191,917,D24HourMean,QuarterlyMean,Mean,24.73
2193,905,D24HourMean,QuarterlyMean,Mean,25.97
2171,890,D24HourMean,QuarterlyMean,Mean,24.91
2212,915,D24HourMean,QuarterlyMean,Mean,29.78
2180,895,D24HourMean,QuarterlyMean,Mean,27.00
2170,894,D24HourMean,QuarterlyMean,Mean,27.69
2189,904,D24HourMean,QuarterlyMean,Mean,25.40
2206,907,D24HourMean,QuarterlyMean,Mean,27.55
2173,909,D24HourMean,QuarterlyMean,Mean,22.83
2188,914,D24HourMean,QuarterlyMean,Mean,25.85
2172,891,D24HourMean,QuarterlyMean,Mean,26.16
2166,915,D24HourMean,QuarterlyMean,Mean,21.55
2180,911,D24HourMean,QuarterlyMean,Mean,25.64
2186,893,D24HourMean,QuarterlyMean,Mean,27.45
2167,904,D24HourMean,QuarterlyMean,Mean,23.79
2168,884,D24HourMean,QuarterlyMean,Mean,23.03
2211,928,D24HourMean,QuarterlyMean,Mean,21.93
2196,913,D24HourMean,QuarterlyMean,Mean,25.47
2212,924,D24HourMean,QuarterlyMean,Mean,22.90
2174,912,D24HourMean,QuarterlyMean,Mean,25.18
2202,903,D24HourMean,QuarterlyMean,Mean,24.38
2176,900,D24HourMean,QuarterlyMean,Mean,25.18
2191,906,D24HourMean,QuarterlyMean,Mean,25.63
2211,915,D24HourMean,QuarterlyMean,Mean,25.41
2170,911,D24HourMean,QuarterlyMean,Mean,24.28
2172,885,D24HourMean,QuarterlyMean,Mean,25.44
2169,926,D24HourMean,QuarterlyMean,Mean,21.86
2195,919,D24HourMean,QuarterlyMean,Mean,24.66
2218,930,D24HourMean,QuarterlyMean,Mean,20.89
2188,896,D24HourMean,QuarterlyMean,Mean,28.28
2179,920,D24HourMean,QuarterlyMean,Mean,23.54
2171,923,D24HourMean,QuarterlyMean,Mean,22.92
2201,920,D24HourMean,QuarterlyMean,Mean,26.46
2170,910,D24HourMean,QuarterlyMean,Mean,24.58
2163,913,D24HourMean,QuarterlyMean,Mean,16.27
2199,914,D24HourMean,QuarterlyMean,Mean,26.37
2167,901,D24HourMean,QuarterlyMean,Mean,17.62
2205,922,D24HourMean,QuarterlyMean,Mean,21.78
2160,896,D24HourMean,QuarterlyMean,Mean,20.85
2171,918,D24HourMean,QuarterlyMean,Mean,24.23
2213,920,D24HourMean,QuarterlyMean,Mean,26.53
2191,912,D24HourMean,QuarterlyMean,Mean,24.95
2184,897,D24HourMean,QuarterlyMean,Mean,26.82
2161,917,D24HourMean,QuarterlyMean,Mean,16.73
2161,911,D24HourMean,QuarterlyMean,Mean,17.28
2169,906,D24HourMean,QuarterlyMean,Mean,22.33
2161,918,D24HourMean,QuarterlyMean,Mean,16.81
2193,897,D24HourMean,QuarterlyMean,Mean,24.39
2205,929,D24HourMean,QuarterlyMean,Mean,20.60
2162,887,D24HourMean,QuarterlyMean,Mean,26.00
2188,926,D24HourMean,QuarterlyMean,Mean,22.93
2171,913,D24HourMean,QuarterlyMean,Mean,24.27
2171,884,D24HourMean,QuarterlyMean,Mean,25.33
2186,905,D24HourMean,QuarterlyMean,Mean,29.55
2211,910,D24HourMean,QuarterlyMean,Mean,27.51
2171,897,D24HourMean,QuarterlyMean,Mean,25.33
2210,923,D24HourMean,QuarterlyMean,Mean,22.57
2168,909,D24HourMean,QuarterlyMean,Mean,24.43
2171,905,D24HourMean,QuarterlyMean,Mean,20.61
2214,930,D24HourMean,QuarterlyMean,Mean,20.05
2163,916,D24HourMean,QuarterlyMean,Mean,16.31
2166,897,D24HourMean,QuarterlyMean,Mean,22.95
2208,924,D24HourMean,QuarterlyMean,Mean,21.78
2178,918,D24HourMean,QuarterlyMean,Mean,24.01
2194,905,D24HourMean,QuarterlyMean,Mean,25.63
2187,904,D24HourMean,QuarterlyMean,Mean,28.47
2185,920,D24HourMean,QuarterlyMean,Mean,23.39
2206,926,D24HourMean,QuarterlyMean,Mean,21.93
2209,907,D24HourMean,QuarterlyMean,Mean,25.12
2190,921,D24HourMean,QuarterlyMean,Mean,22.80
2165,885,D24HourMean,QuarterlyMean,Mean,23.79
2183,919,D24HourMean,QuarterlyMean,Mean,22.39
2186,896,D24HourMean,QuarterlyMean,Mean,28.33
2170,908,D24HourMean,QuarterlyMean,Mean,24.42
2186,906,D24HourMean,QuarterlyMean,Mean,29.17
2163,919,D24HourMean,QuarterlyMean,Mean,18.98
2166,920,D24HourMean,QuarterlyMean,Mean,21.40
2184,900,D24HourMean,QuarterlyMean,Mean,27.81
2170,913,D24HourMean,QuarterlyMean,Mean,23.98
2179,910,D24HourMean,QuarterlyMean,Mean,24.31
2178,915,D24HourMean,QuarterlyMean,Mean,24.92
2196,906,D24HourMean,QuarterlyMean,Mean,24.41
2166,910,D24HourMean,QuarterlyMean,Mean,21.63
2177,910,D24HourMean,QuarterlyMean,Mean,23.84
2180,898,D24HourMean,QuarterlyMean,Mean,26.51
2168,891,D24HourMean,QuarterlyMean,Mean,24.33
2181,926,D24HourMean,QuarterlyMean,Mean,20.76
2165,906,D24HourMean,QuarterlyMean,Mean,21.74
2196,914,D24HourMean,QuarterlyMean,Mean,25.42
2197,923,D24HourMean,QuarterlyMean,Mean,21.24
2198,919,D24HourMean,QuarterlyMean,Mean,25.86
2199,905,D24HourMean,QuarterlyMean,Mean,25.96
2209,914,D24HourMean,QuarterlyMean,Mean,24.77
2198,910,D24HourMean,QuarterlyMean,Mean,27.62
2160,910,D24HourMean,QuarterlyMean,Mean,19.37
2175,908,D24HourMean,QuarterlyMean,Mean,21.64
2173,924,D24HourMean,QuarterlyMean,Mean,23.11
2169,902,D24HourMean,QuarterlyMean,Mean,20.27
2211,929,D24HourMean,QuarterlyMean,Mean,21.51
2185,908,D24HourMean,QuarterlyMean,Mean,23.22
2188,921,D24HourMean,QuarterlyMean,Mean,23.92
2186,926,D24HourMean,QuarterlyMean,Mean,20.69
2188,897,D24HourMean,QuarterlyMean,Mean,29.31
2197,904,D24HourMean,QuarterlyMean,Mean,23.61
2184,894,D24HourMean,QuarterlyMean,Mean,27.53
2197,903,D24HourMean,QuarterlyMean,Mean,23.84
2170,897,D24HourMean,QuarterlyMean,Mean,25.29
2221,931,D24HourMean,QuarterlyMean,Mean,21.97
2194,897,D24HourMean,QuarterlyMean,Mean,25.63
2163,896,D24HourMean,QuarterlyMean,Mean,23.61
2166,889,D24HourMean,QuarterlyMean,Mean,25.93
2183,900,D24HourMean,QuarterlyMean,Mean,27.87
2186,903,D24HourMean,QuarterlyMean,Mean,28.99
2163,887,D24HourMean,QuarterlyMean,Mean,25.88
2195,908,D24HourMean,QuarterlyMean,Mean,26.79
2160,918,D24HourMean,QuarterlyMean,Mean,16.50
2181,901,D24HourMean,QuarterlyMean,Mean,27.50
2187,894,D24HourMean,QuarterlyMean,Mean,27.25
2215,925,D24HourMean,QuarterlyMean,Mean,19.91
2201,905,D24HourMean,QuarterlyMean,Mean,25.55
2190,914,D24HourMean,QuarterlyMean,Mean,27.01
2179,909,D24HourMean,QuarterlyMean,Mean,22.74
2186,924,D24HourMean,QuarterlyMean,Mean,21.70
2175,910,D24HourMean,QuarterlyMean,Mean,24.42
2210,924,D24HourMean,QuarterlyMean,Mean,21.16
2184,902,D24HourMean,QuarterlyMean,Mean,26.73
2186,914,D24HourMean,QuarterlyMean,Mean,25.97
2172,916,D24HourMean,QuarterlyMean,Mean,24.20
2196,925,D24HourMean,QuarterlyMean,Mean,23.33
2206,920,D24HourMean,QuarterlyMean,Mean,22.01
2207,923,D24HourMean,QuarterlyMean,Mean,20.00
2173,911,D24HourMean,QuarterlyMean,Mean,26.16
2180,910,D24HourMean,QuarterlyMean,Mean,23.93
2174,897,D24HourMean,QuarterlyMean,Mean,27.18
2170,904,D24HourMean,QuarterlyMean,Mean,22.12
2205,903,D24HourMean,QuarterlyMean,Mean,26.98
2205,913,D24HourMean,QuarterlyMean,Mean,23.23
2185,896,D24HourMean,QuarterlyMean,Mean,28.25
2212,912,D24HourMean,QuarterlyMean,Mean,27.77
2180,927,D24HourMean,QuarterlyMean,Mean,20.42
2168,899,D24HourMean,QuarterlyMean,Mean,21.25
2172,910,D24HourMean,QuarterlyMean,Mean,24.66
2174,918,D24HourMean,QuarterlyMean,Mean,23.58
2173,910,D24HourMean,QuarterlyMean,Mean,24.79
2163,897,D24HourMean,QuarterlyMean,Mean,22.37
2192,903,D24HourMean,QuarterlyMean,Mean,23.68
2200,923,D24HourMean,QuarterlyMean,Mean,20.37
2185,922,D24HourMean,QuarterlyMean,Mean,23.06
2176,923,D24HourMean,QuarterlyMean,Mean,22.39
2182,923,D24HourMean,QuarterlyMean,Mean,22.37
2205,907,D24HourMean,QuarterlyMean,Mean,27.09
2221,930,D24HourMean,QuarterlyMean,Mean,21.38
2202,920,D24HourMean,QuarterlyMean,Mean,25.39
2170,885,D24HourMean,QuarterlyMean,Mean,24.12
2182,891,D24HourMean,QuarterlyMean,Mean,25.58
2202,921,D24HourMean,QuarterlyMean,Mean,24.08
2187,914,D24HourMean,QuarterlyMean,Mean,25.44
2175,916,D24HourMean,QuarterlyMean,Mean,22.71
2187,896,D24HourMean,QuarterlyMean,Mean,28.70
2175,902,D24HourMean,QuarterlyMean,Mean,25.29
2164,889,D24HourMean,QuarterlyMean,Mean,28.70
2173,898,D24HourMean,QuarterlyMean,Mean,25.91
2189,923,D24HourMean,QuarterlyMean,Mean,25.04
2174,892,D24HourMean,QuarterlyMean,Mean,25.56
2182,919,D24HourMean,QuarterlyMean,Mean,22.71
2218,929,D24HourMean,QuarterlyMean,Mean,22.97
2178,905,D24HourMean,QuarterlyMean,Mean,26.18
2199,921,D24HourMean,QuarterlyMean,Mean,24.19
2181,892,D24HourMean,QuarterlyMean,Mean,26.23
2199,916,D24HourMean,QuarterlyMean,Mean,26.89
2192,906,D24HourMean,QuarterlyMean,Mean,25.64
2179,896,D24HourMean,QuarterlyMean,Mean,27.44
2210,929,D24HourMean,QuarterlyMean,Mean,21.34
2201,902,D24HourMean,QuarterlyMean,Mean,24.63
2170,923,D24HourMean,QuarterlyMean,Mean,23.03
2175,890,D24HourMean,QuarterlyMean,Mean,27.45
2208,919,D24HourMean,QuarterlyMean,Mean,25.90
2184,926,D24HourMean,QuarterlyMean,Mean,21.21
2180,913,D24HourMean,QuarterlyMean,Mean,23.12
2193,914,D24HourMean,QuarterlyMean,Mean,26.24
2178,922,D24HourMean,QuarterlyMean,Mean,22.88
2177,912,D24HourMean,QuarterlyMean,Mean,24.87
2180,926,D24HourMean,QuarterlyMean,Mean,20.55
2191,913,D24HourMean,QuarterlyMean,Mean,25.72
2191,910,D24HourMean,QuarterlyMean,Mean,26.40
2207,903,D24HourMean,QuarterlyMean,Mean,26.92
2179,913,D24HourMean,QuarterlyMean,Mean,23.04
2172,889,D24HourMean,QuarterlyMean,Mean,28.69
2199,911,D24HourMean,QuarterlyMean,Mean,27.66
2173,915,D24HourMean,QuarterlyMean,Mean,23.96
2176,906,D24HourMean,QuarterlyMean,Mean,23.09
2165,913,D24HourMean,QuarterlyMean,Mean,20.04
2209,912,D24HourMean,QuarterlyMean,Mean,25.93
2178,925,D24HourMean,QuarterlyMean,Mean,21.06
2202,923,D24HourMean,QuarterlyMean,Mean,22.01
2171,916,D24HourMean,QuarterlyMean,Mean,23.73
2180,923,D24HourMean,QuarterlyMean,Mean,22.37
2199,922,D24HourMean,QuarterlyMean,Mean,20.35
2168,901,D24HourMean,QuarterlyMean,Mean,18.74
2167,903,D24HourMean,QuarterlyMean,Mean,20.72
2159,887,D24HourMean,QuarterlyMean,Mean,25.20
2207,925,D24HourMean,QuarterlyMean,Mean,23.90
2168,906,D24HourMean,QuarterlyMean,Mean,23.01
2203,916,D24HourMean,QuarterlyMean,Mean,24.96
2208,914,D24HourMean,QuarterlyMean,Mean,24.73
2214,925,D24HourMean,QuarterlyMean,Mean,19.70
2168,897,D24HourMean,QuarterlyMean,Mean,23.60
2161,889,D24HourMean,QuarterlyMean,Mean,24.46
2204,916,D24HourMean,QuarterlyMean,Mean,24.16
2193,900,D24HourMean,QuarterlyMean,Mean,23.96
2184,925,D24HourMean,QuarterlyMean,Mean,21.80
2174,917,D24HourMean,QuarterlyMean,Mean,23.54
2168,887,D24HourMean,QuarterlyMean,Mean,21.16
2168,915,D24HourMean,QuarterlyMean,Mean,22.95
2166,904,D24HourMean,QuarterlyMean,Mean,22.55
2174,894,D24HourMean,QuarterlyMean,Mean,27.37
2177,925,D24HourMean,QuarterlyMean,Mean,21.38
2175,889,D24HourMean,QuarterlyMean,Mean,27.48
2192,923,D24HourMean,QuarterlyMean,Mean,23.54
2203,922,D24HourMean,QuarterlyMean,Mean,23.38
2169,888,D24HourMean,QuarterlyMean,Mean,24.38
2167,886,D24HourMean,QuarterlyMean,Mean,22.18
2208,929,D24HourMean,QuarterlyMean,Mean,20.29
2181,923,D24HourMean,QuarterlyMean,Mean,22.45
2203,903,D24HourMean,QuarterlyMean,Mean,24.79
2206,912,D24HourMean,QuarterlyMean,Mean,24.61
2165,900,D24HourMean,QuarterlyMean,Mean,16.44
2170,924,D24HourMean,QuarterlyMean,Mean,22.53
2187,905,D24HourMean,QuarterlyMean,Mean,30.20
2178,891,D24HourMean,QuarterlyMean,Mean,24.49
2190,919,D24HourMean,QuarterlyMean,Mean,23.60
2211,922,D24HourMean,QuarterlyMean,Mean,22.97
2174,919,D24HourMean,QuarterlyMean,Mean,23.73
2177,901,D24HourMean,QuarterlyMean,Mean,25.56
2178,904,D24HourMean,QuarterlyMean,Mean,28.47
2160,890,D24HourMean,QuarterlyMean,Mean,23.12
2168,914,D24HourMean,QuarterlyMean,Mean,23.48
2209,926,D24HourMean,QuarterlyMean,Mean,22.04
2180,892,D24HourMean,QuarterlyMean,Mean,25.67
2165,910,D24HourMean,QuarterlyMean,Mean,20.20
2211,908,D24HourMean,QuarterlyMean,Mean,25.99
2185,902,D24HourMean,QuarterlyMean,Mean,27.59
2188,900,D24HourMean,QuarterlyMean,Mean,29.47
2176,899,D24HourMean,QuarterlyMean,Mean,26.13
2164,909,D24HourMean,QuarterlyMean,Mean,18.84
2194,922,D24HourMean,QuarterlyMean,Mean,24.03
2211,924,D24HourMean,QuarterlyMean,Mean,22.68
2197,921,D24HourMean,QuarterlyMean,Mean,23.23
2208,921,D24HourMean,QuarterlyMean,Mean,21.11
2188,898,D24HourMean,QuarterlyMean,Mean,30.08
2217,929,D24HourMean,QuarterlyMean,Mean,23.22
2166,913,D24HourMean,QuarterlyMean,Mean,22.90
2180,900,D24HourMean,QuarterlyMean,Mean,25.47
2209,920,D24HourMean,QuarterlyMean,Mean,24.03
2163,918,D24HourMean,QuarterlyMean,Mean,17.74
2189,900,D24HourMean,QuarterlyMean,Mean,25.77
2211,914,D24HourMean,QuarterlyMean,Mean,26.16
2174,911,D24HourMean,QuarterlyMean,Mean,25.72
2187,919,D24HourMean,QuarterlyMean,Mean,24.92
2179,927,D24HourMean,QuarterlyMean,Mean,20.44
2182,925,D24HourMean,QuarterlyMean,Mean,20.58
2167,911,D24HourMean,QuarterlyMean,Mean,23.73
2187,898,D24HourMean,QuarterlyMean,Mean,30.28
2194,912,D24HourMean,QuarterlyMean,Mean,26.12
2202,913,D24HourMean,QuarterlyMean,Mean,25.06
2162,894,D24HourMean,QuarterlyMean,Mean,24.23
2197,913,D24HourMean,QuarterlyMean,Mean,26.18
2175,897,D24HourMean,QuarterlyMean,Mean,27.86
2182,914,D24HourMean,QuarterlyMean,Mean,23.81
2165,898,D24HourMean,QuarterlyMean,Mean,19.64
2197,899,D24HourMean,QuarterlyMean,Mean,23.19
2180,924,D24HourMean,QuarterlyMean,Mean,21.62
2185,924,D24HourMean,QuarterlyMean,Mean,21.48
2170,909,D24HourMean,QuarterlyMean,Mean,25.17
2203,914,D24HourMean,QuarterlyMean,Mean,23.39
2168,927,D24HourMean,QuarterlyMean,Mean,20.39
2185,904,D24HourMean,QuarterlyMean,Mean,30.00
2181,900,D24HourMean,QuarterlyMean,Mean,25.94
2199,927,D24HourMean,QuarterlyMean,Mean,22.36
2194,903,D24HourMean,QuarterlyMean,Mean,23.41
2198,925,D24HourMean,QuarterlyMean,Mean,21.80
2199,900,D24HourMean,QuarterlyMean,Mean,20.93
2203,908,D24HourMean,QuarterlyMean,Mean,23.63
2178,907,D24HourMean,QuarterlyMean,Mean,22.10
2208,906,D24HourMean,QuarterlyMean,Mean,26.22
2171,914,D24HourMean,QuarterlyMean,Mean,24.20
2165,895,D24HourMean,QuarterlyMean,Mean,24.87
2195,900,D24HourMean,QuarterlyMean,Mean,23.22
2181,896,D24HourMean,QuarterlyMean,Mean,26.70
2169,895,D24HourMean,QuarterlyMean,Mean,25.15
2173,895,D24HourMean,QuarterlyMean,Mean,26.67
2172,904,D24HourMean,QuarterlyMean,Mean,22.28
2203,902,D24HourMean,QuarterlyMean,Mean,23.73
2187,921,D24HourMean,QuarterlyMean,Mean,24.01
2194,926,D24HourMean,QuarterlyMean,Mean,22.01
2193,901,D24HourMean,QuarterlyMean,Mean,24.20
2193,911,D24HourMean,QuarterlyMean,Mean,26.82
2207,907,D24HourMean,QuarterlyMean,Mean,25.23
2169,885,D24HourMean,QuarterlyMean,Mean,22.83
2187,903,D24HourMean,QuarterlyMean,Mean,28.22
2179,926,D24HourMean,QuarterlyMean,Mean,20.23
2182,910,D24HourMean,QuarterlyMean,Mean,22.63
2212,916,D24HourMean,QuarterlyMean,Mean,26.97
2194,901,D24HourMean,QuarterlyMean,Mean,24.69
2190,916,D24HourMean,QuarterlyMean,Mean,24.79
2211,925,D24HourMean,QuarterlyMean,Mean,23.17
2163,910,D24HourMean,QuarterlyMean,Mean,16.76
2195,903,D24HourMean,QuarterlyMean,Mean,24.34
2183,906,D24HourMean,QuarterlyMean,Mean,23.65
2207,915,D24HourMean,QuarterlyMean,Mean,24.52
2163,890,D24HourMean,QuarterlyMean,Mean,25.91
2179,912,D24HourMean,QuarterlyMean,Mean,25.03
2207,919,D24HourMean,QuarterlyMean,Mean,25.44
2177,918,D24HourMean,QuarterlyMean,Mean,22.74
2177,911,D24HourMean,QuarterlyMean,Mean,24.66
2173,905,D24HourMean,QuarterlyMean,Mean,22.28
2202,928,D24HourMean,QuarterlyMean,Mean,21.18
2169,923,D24HourMean,QuarterlyMean,Mean,22.58
2191,918,D24HourMean,QuarterlyMean,Mean,25.03
2184,927,D24HourMean,QuarterlyMean,Mean,21.27
2210,907,D24HourMean,QuarterlyMean,Mean,25.83
2170,915,D24HourMean,QuarterlyMean,Mean,24.22
2175,899,D24HourMean,QuarterlyMean,Mean,25.61
2184,914,D24HourMean,QuarterlyMean,Mean,24.90
2173,892,D24HourMean,QuarterlyMean,Mean,25.07
2175,923,D24HourMean,QuarterlyMean,Mean,22.60
2197,918,D24HourMean,QuarterlyMean,Mean,24.66
2159,916,D24HourMean,QuarterlyMean,Mean,17.28
2175,925,D24HourMean,QuarterlyMean,Mean,22.56
2217,930,D24HourMean,QuarterlyMean,Mean,21.29
2168,907,D24HourMean,QuarterlyMean,Mean,22.09
2206,923,D24HourMean,QuarterlyMean,Mean,20.53
2197,922,D24HourMean,QuarterlyMean,Mean,21.30
2183,896,D24HourMean,QuarterlyMean,Mean,25.66
2211,923,D24HourMean,QuarterlyMean,Mean,22.22
2162,906,D24HourMean,QuarterlyMean,Mean,22.14
2190,913,D24HourMean,QuarterlyMean,Mean,26.10
2187,895,D24HourMean,QuarterlyMean,Mean,27.66
2178,889,D24HourMean,QuarterlyMean,Mean,26.65
2174,899,D24HourMean,QuarterlyMean,Mean,23.88
2203,912,D24HourMean,QuarterlyMean,Mean,25.11
2187,911,D24HourMean,QuarterlyMean,Mean,24.06
2199,925,D24HourMean,QuarterlyMean,Mean,20.39
2188,916,D24HourMean,QuarterlyMean,Mean,24.17
2200,924,D24HourMean,QuarterlyMean,Mean,20.63
2173,891,D24HourMean,QuarterlyMean,Mean,25.80
2208,913,D24HourMean,QuarterlyMean,Mean,25.82
2179,925,D24HourMean,QuarterlyMean,Mean,20.35
2177,907,D24HourMean,QuarterlyMean,Mean,22.66
2181,913,D24HourMean,QuarterlyMean,Mean,23.09
2185,910,D24HourMean,QuarterlyMean,Mean,23.15
2191,925,D24HourMean,QuarterlyMean,Mean,23.16
2186,907,D24HourMean,QuarterlyMean,Mean,25.25
2182,922,D24HourMean,QuarterlyMean,Mean,23.03
2177,897,D24HourMean,QuarterlyMean,Mean,27.14
2188,922,D24HourMean,QuarterlyMean,Mean,22.12
2185,912,D24HourMean,QuarterlyMean,Mean,22.95
2169,927,D24HourMean,QuarterlyMean,Mean,20.65
2183,926,D24HourMean,QuarterlyMean,Mean,21.05
2197,909,D24HourMean,QuarterlyMean,Mean,25.28
2174,887,D24HourMean,QuarterlyMean,Mean,29.50
2182,902,D24HourMean,QuarterlyMean,Mean,26.73
2166,911,D24HourMean,QuarterlyMean,Mean,21.69
2199,924,D24HourMean,QuarterlyMean,Mean,20.18
2209,923,D24HourMean,QuarterlyMean,Mean,21.90
2206,919,D24HourMean,QuarterlyMean,Mean,24.54
2168,920,D24HourMean,QuarterlyMean,Mean,22.55
2192,895,D24HourMean,QuarterlyMean,Mean,24.36
2163,891,D24HourMean,QuarterlyMean,Mean,25.50
2195,909,D24HourMean,QuarterlyMean,Mean,25.07
2177,889,D24HourMean,QuarterlyMean,Mean,26.13
2172,906,D24HourMean,QuarterlyMean,Mean,21.57
2205,923,D24HourMean,QuarterlyMean,Mean,21.94
2189,917,D24HourMean,QuarterlyMean,Mean,23.60
2209,918,D24HourMean,QuarterlyMean,Mean,24.39
2210,918,D24HourMean,QuarterlyMean,Mean,24.76
2167,894,D24HourMean,QuarterlyMean,Mean,26.33
2161,890,D24HourMean,QuarterlyMean,Mean,23.82
2161,897,D24HourMean,QuarterlyMean,Mean,21.35
2176,920,D24HourMean,QuarterlyMean,Mean,24.95
2197,908,D24HourMean,QuarterlyMean,Mean,26.04
2192,914,D24HourMean,QuarterlyMean,Mean,26.78
2175,914,D24HourMean,QuarterlyMean,Mean,24.54
2179,922,D24HourMean,QuarterlyMean,Mean,23.23
2181,891,D24HourMean,QuarterlyMean,Mean,26.21
2170,912,D24HourMean,QuarterlyMean,Mean,24.54
2194,921,D24HourMean,QuarterlyMean,Mean,24.17
2179,903,D24HourMean,QuarterlyMean,Mean,27.15
2186,898,D24HourMean,QuarterlyMean,Mean,29.30
2190,915,D24HourMean,QuarterlyMean,Mean,26.16
2181,903,D24HourMean,QuarterlyMean,Mean,26.59
2189,926,D24HourMean,QuarterlyMean,Mean,22.34
2190,912,D24HourMean,QuarterlyMean,Mean,25.72
2179,906,D24HourMean,QuarterlyMean,Mean,22.91
2193,922,D24HourMean,QuarterlyMean,Mean,24.39
2169,884,D24HourMean,QuarterlyMean,Mean,23.04
2176,898,D24HourMean,QuarterlyMean,Mean,26.81
2210,913,D24HourMean,QuarterlyMean,Mean,25.36
2186,923,D24HourMean,QuarterlyMean,Mean,21.48
2163,892,D24HourMean,QuarterlyMean,Mean,25.74
2191,905,D24HourMean,QuarterlyMean,Mean,25.56
2187,925,D24HourMean,QuarterlyMean,Mean,21.97
2186,915,D24HourMean,QuarterlyMean,Mean,25.67
2210,905,D24HourMean,QuarterlyMean,Mean,27.36
2162,913,D24HourMean,QuarterlyMean,Mean,16.02
2204,919,D24HourMean,QuarterlyMean,Mean,26.70
2167,900,D24HourMean,QuarterlyMean,Mean,18.85
2192,911,D24HourMean,QuarterlyMean,Mean,25.64
2166,887,D24HourMean,QuarterlyMean,Mean,23.07
2207,930,D24HourMean,QuarterlyMean,Mean,18.89
2162,914,D24HourMean,QuarterlyMean,Mean,15.94
2191,914,D24HourMean,QuarterlyMean,Mean,27.88
2202,925,D24HourMean,QuarterlyMean,Mean,21.34
2172,890,D24HourMean,QuarterlyMean,Mean,26.27
2185,917,D24HourMean,QuarterlyMean,Mean,23.11
2200,913,D24HourMean,QuarterlyMean,Mean,27.36
2201,918,D24HourMean,QuarterlyMean,Mean,26.56
2203,925,D24HourMean,QuarterlyMean,Mean,20.69
2201,907,D24HourMean,QuarterlyMean,Mean,30.76
2174,893,D24HourMean,QuarterlyMean,Mean,26.21
2204,906,D24HourMean,QuarterlyMean,Mean,25.48
2189,920,D24HourMean,QuarterlyMean,Mean,23.92
2165,915,D24HourMean,QuarterlyMean,Mean,20.25
2205,926,D24HourMean,QuarterlyMean,Mean,21.98
2215,928,D24HourMean,QuarterlyMean,Mean,22.62
2164,912,D24HourMean,QuarterlyMean,Mean,19.38
2187,909,D24HourMean,QuarterlyMean,Mean,24.03
2190,903,D24HourMean,QuarterlyMean,Mean,24.71
2174,923,D24HourMean,QuarterlyMean,Mean,22.93
2192,909,D24HourMean,QuarterlyMean,Mean,24.01
2191,909,D24HourMean,QuarterlyMean,Mean,24.47
2179,921,D24HourMean,QuarterlyMean,Mean,23.39
2168,923,D24HourMean,QuarterlyMean,Mean,23.90
2166,916,D24HourMean,QuarterlyMean,Mean,20.46
2201,903,D24HourMean,QuarterlyMean,Mean,24.25
2206,906,D24HourMean,QuarterlyMean,Mean,28.38
2179,897,D24HourMean,QuarterlyMean,Mean,26.65
2193,902,D24HourMean,QuarterlyMean,Mean,23.34
2164,891,D24HourMean,QuarterlyMean,Mean,26.22
2193,913,D24HourMean,QuarterlyMean,Mean,25.20
2167,892,D24HourMean,QuarterlyMean,Mean,27.81
2193,898,D24HourMean,QuarterlyMean,Mean,24.58
2173,903,D24HourMean,QuarterlyMean,Mean,23.52
2193,906,D24HourMean,QuarterlyMean,Mean,25.96
2165,919,D24HourMean,QuarterlyMean,Mean,20.07
2201,906,D24HourMean,QuarterlyMean,Mean,31.57
2209,925,D24HourMean,QuarterlyMean,Mean,22.92
2197,901,D24HourMean,QuarterlyMean,Mean,24.33
2181,922,D24HourMean,QuarterlyMean,Mean,22.66
2197,926,D24HourMean,QuarterlyMean,Mean,21.32
2200,911,D24HourMean,QuarterlyMean,Mean,27.91
2174,895,D24HourMean,QuarterlyMean,Mean,27.34
2209,930,D24HourMean,QuarterlyMean,Mean,19.41
2180,902,D24HourMean,QuarterlyMean,Mean,26.62
2197,906,D24HourMean,QuarterlyMean,Mean,26.04
2199,908,D24HourMean,QuarterlyMean,Mean,25.59
2175,907,D24HourMean,QuarterlyMean,Mean,22.47
2165,918,D24HourMean,QuarterlyMean,Mean,19.99
2192,924,D24HourMean,QuarterlyMean,Mean,23.46
2180,899,D24HourMean,QuarterlyMean,Mean,25.70
2193,917,D24HourMean,QuarterlyMean,Mean,26.92
2175,903,D24HourMean,QuarterlyMean,Mean,25.31
2202,905,D24HourMean,QuarterlyMean,Mean,25.42
2198,922,D24HourMean,QuarterlyMean,Mean,19.58
2169,889,D24HourMean,QuarterlyMean,Mean,25.20
2172,911,D24HourMean,QuarterlyMean,Mean,25.33
2183,916,D24HourMean,QuarterlyMean,Mean,24.14
2159,917,D24HourMean,QuarterlyMean,Mean,17.21
2163,917,D24HourMean,QuarterlyMean,Mean,17.34
2193,924,D24HourMean,QuarterlyMean,Mean,23.38
2195,920,D24HourMean,QuarterlyMean,Mean,24.84
2191,921,D24HourMean,QuarterlyMean,Mean,23.81
2196,918,D24HourMean,QuarterlyMean,Mean,25.80
2172,895,D24HourMean,QuarterlyMean,Mean,27.42
2195,921,D24HourMean,QuarterlyMean,Mean,24.11
2168,922,D24HourMean,QuarterlyMean,Mean,23.12
2207,922,D24HourMean,QuarterlyMean,Mean,20.21
2172,903,D24HourMean,QuarterlyMean,Mean,22.55
2172,898,D24HourMean,QuarterlyMean,Mean,25.67
2177,906,D24HourMean,QuarterlyMean,Mean,22.48
2177,914,D24HourMean,QuarterlyMean,Mean,25.20
2189,915,D24HourMean,QuarterlyMean,Mean,25.42
2174,925,D24HourMean,QuarterlyMean,Mean,22.72
2184,915,D24HourMean,QuarterlyMean,Mean,24.35
2170,890,D24HourMean,QuarterlyMean,Mean,24.79
2166,888,D24HourMean,QuarterlyMean,Mean,25.70
2176,915,D24HourMean,QuarterlyMean,Mean,23.60
2183,923,D24HourMean,QuarterlyMean,Mean,22.42
2167,906,D24HourMean,QuarterlyMean,Mean,24.65
2186,916,D24HourMean,QuarterlyMean,Mean,25.22
2184,921,D24HourMean,QuarterlyMean,Mean,23.93
2202,926,D24HourMean,QuarterlyMean,Mean,22.55
2205,927,D24HourMean,QuarterlyMean,Mean,21.34
2170,922,D24HourMean,QuarterlyMean,Mean,22.93
2210,926,D24HourMean,QuarterlyMean,Mean,22.62
2201,901,D24HourMean,QuarterlyMean,Mean,23.23
2165,916,D24HourMean,QuarterlyMean,Mean,19.59
2169,914,D24HourMean,QuarterlyMean,Mean,23.33
2189,896,D24HourMean,QuarterlyMean,Mean,25.52
2200,927,D24HourMean,QuarterlyMean,Mean,22.61
2208,917,D24HourMean,QuarterlyMean,Mean,23.43
2194,925,D24HourMean,QuarterlyMean,Mean,22.96
2172,918,D24HourMean,QuarterlyMean,Mean,24.82
2173,899,D24HourMean,QuarterlyMean,Mean,23.23
2178,900,D24HourMean,QuarterlyMean,Mean,25.44
2214,924,D24HourMean,QuarterlyMean,Mean,19.13
2178,914,D24HourMean,QuarterlyMean,Mean,25.67
2163,912,D24HourMean,QuarterlyMean,Mean,15.73
2203,911,D24HourMean,QuarterlyMean,Mean,24.79
2207,920,D24HourMean,QuarterlyMean,Mean,22.29
2185,914,D24HourMean,QuarterlyMean,Mean,25.29
2200,899,D24HourMean,QuarterlyMean,Mean,22.60
2172,905,D24HourMean,QuarterlyMean,Mean,21.99
2172,894,D24HourMean,QuarterlyMean,Mean,29.87
2204,911,D24HourMean,QuarterlyMean,Mean,25.39
2186,919,D24HourMean,QuarterlyMean,Mean,24.06
2212,907,D24HourMean,QuarterlyMean,Mean,27.39
2171,894,D24HourMean,QuarterlyMean,Mean,28.81
2194,902,D24HourMean,QuarterlyMean,Mean,23.66
2211,905,D24HourMean,QuarterlyMean,Mean,28.61
2187,920,D24HourMean,QuarterlyMean,Mean,24.57
2194,908,D24HourMean,QuarterlyMean,Mean,27.45
2200,905,D24HourMean,QuarterlyMean,Mean,25.94
2204,901,D24HourMean,QuarterlyMean,Mean,25.23
2200,910,D24HourMean,QuarterlyMean,Mean,27.47
2214,918,D24HourMean,QuarterlyMean,Mean,23.25
2208,926,D24HourMean,QuarterlyMean,Mean,21.90
2200,906,D24HourMean,QuarterlyMean,Mean,26.79
2187,923,D24HourMean,QuarterlyMean,Mean,21.80
2168,888,D24HourMean,QuarterlyMean,Mean,22.85
2181,921,D24HourMean,QuarterlyMean,Mean,22.50
2173,889,D24HourMean,QuarterlyMean,Mean,28.64
2190,904,D24HourMean,QuarterlyMean,Mean,25.25
2204,908,D24HourMean,QuarterlyMean,Mean,23.23
2194,915,D24HourMean,QuarterlyMean,Mean,26.57
2164,893,D24HourMean,QuarterlyMean,Mean,25.77
2172,886,D24HourMean,QuarterlyMean,Mean,26.18
2189,919,D24HourMean,QuarterlyMean,Mean,24.31
2168,924,D24HourMean,QuarterlyMean,Mean,22.53
2211,916,D24HourMean,QuarterlyMean,Mean,26.70
2161,906,D24HourMean,QuarterlyMean,Mean,23.46
2194,916,D24HourMean,QuarterlyMean,Mean,27.81
2200,926,D24HourMean,QuarterlyMean,Mean,22.50
2165,908,D24HourMean,QuarterlyMean,Mean,18.69
2168,912,D24HourMean,QuarterlyMean,Mean,25.36
2205,921,D24HourMean,QuarterlyMean,Mean,24.06
2211,921,D24HourMean,QuarterlyMean,Mean,24.87
2198,917,D24HourMean,QuarterlyMean,Mean,25.25
2203,904,D24HourMean,QuarterlyMean,Mean,25.48
2167,893,D24HourMean,QuarterlyMean,Mean,28.58
2177,922,D24HourMean,QuarterlyMean,Mean,22.98
2180,916,D24HourMean,QuarterlyMean,Mean,23.98
2210,930,D24HourMean,QuarterlyMean,Mean,19.55
2185,916,D24HourMean,QuarterlyMean,Mean,24.30
2166,891,D24HourMean,QuarterlyMean,Mean,27.53
2165,884,D24HourMean,QuarterlyMean,Mean,24.23
2182,915,D24HourMean,QuarterlyMean,Mean,23.71
2173,914,D24HourMean,QuarterlyMean,Mean,23.77
2224,930,D24HourMean,QuarterlyMean,Mean,20.96
2208,930,D24HourMean,QuarterlyMean,Mean,18.66
2209,921,D24HourMean,QuarterlyMean,Mean,22.49
2173,904,D24HourMean,QuarterlyMean,Mean,23.03
2201,923,D24HourMean,QuarterlyMean,Mean,21.86
2209,917,D24HourMean,QuarterlyMean,Mean,24.60
2183,899,D24HourMean,QuarterlyMean,Mean,27.17
2175,909,D24HourMean,QuarterlyMean,Mean,23.46
2201,911,D24HourMean,QuarterlyMean,Mean,29.49
2165,920,D24HourMean,QuarterlyMean,Mean,20.80
2169,919,D24HourMean,QuarterlyMean,Mean,22.81
2163,895,D24HourMean,QuarterlyMean,Mean,25.37
2165,914,D24HourMean,QuarterlyMean,Mean,21.61
2173,886,D24HourMean,QuarterlyMean,Mean,28.77
2188,906,D24HourMean,QuarterlyMean,Mean,29.52
2208,922,D24HourMean,QuarterlyMean,Mean,21.08
2172,892,D24HourMean,QuarterlyMean,Mean,25.91
2186,910,D24HourMean,QuarterlyMean,Mean,23.95
2168,918,D24HourMean,QuarterlyMean,Mean,22.12
2170,905,D24HourMean,QuarterlyMean,Mean,20.92
2180,920,D24HourMean,QuarterlyMean,Mean,23.04
2187,913,D24HourMean,QuarterlyMean,Mean,26.07
2168,925,D24HourMean,QuarterlyMean,Mean,23.57
2193,903,D24HourMean,QuarterlyMean,Mean,22.24
2173,885,D24HourMean,QuarterlyMean,Mean,27.26
2168,892,D24HourMean,QuarterlyMean,Mean,24.68
2174,905,D24HourMean,QuarterlyMean,Mean,22.40
2178,903,D24HourMean,QuarterlyMean,Mean,27.11
2207,911,D24HourMean,QuarterlyMean,Mean,27.51
2223,930,D24HourMean,QuarterlyMean,Mean,20.98
2201,922,D24HourMean,QuarterlyMean,Mean,23.17
2211,912,D24HourMean,QuarterlyMean,Mean,26.73
2208,912,D24HourMean,QuarterlyMean,Mean,25.74
2175,898,D24HourMean,QuarterlyMean,Mean,26.23
2180,912,D24HourMean,QuarterlyMean,Mean,22.95
2160,916,D24HourMean,QuarterlyMean,Mean,15.91
2183,894,D24HourMean,QuarterlyMean,Mean,25.97
2192,896,D24HourMean,QuarterlyMean,Mean,24.36
2188,924,D24HourMean,QuarterlyMean,Mean,23.11
2213,925,D24HourMean,QuarterlyMean,Mean,22.36
2167,897,D24HourMean,QuarterlyMean,Mean,22.98
2210,915,D24HourMean,QuarterlyMean,Mean,24.68
2164,910,D24HourMean,QuarterlyMean,Mean,18.26
2198,918,D24HourMean,QuarterlyMean,Mean,24.28
2185,925,D24HourMean,QuarterlyMean,Mean,20.80
2170,907,D24HourMean,QuarterlyMean,Mean,23.55
2162,910,D24HourMean,QuarterlyMean,Mean,17.53
2208,925,D24HourMean,QuarterlyMean,Mean,23.33
2203,926,D24HourMean,QuarterlyMean,Mean,22.10
2162,911,D24HourMean,QuarterlyMean,Mean,16.91
2198,909,D24HourMean,QuarterlyMean,Mean,24.82
2184,893,D24HourMean,QuarterlyMean,Mean,26.56
2214,928,D24HourMean,QuarterlyMean,Mean,22.33
2206,903,D24HourMean,QuarterlyMean,Mean,27.39
2173,926,D24HourMean,QuarterlyMean,Mean,21.77
2175,905,D24HourMean,QuarterlyMean,Mean,23.04
2167,889,D24HourMean,QuarterlyMean,Mean,23.93
2200,909,D24HourMean,QuarterlyMean,Mean,23.52
2211,907,D24HourMean,QuarterlyMean,Mean,27.39
2191,924,D24HourMean,QuarterlyMean,Mean,23.85
2175,912,D24HourMean,QuarterlyMean,Mean,26.16
2175,924,D24HourMean,QuarterlyMean,Mean,22.85
2213,918,D24HourMean,QuarterlyMean,Mean,24.95
2211,906,D24HourMean,QuarterlyMean,Mean,27.55
2167,910,D24HourMean,QuarterlyMean,Mean,24.05
2182,895,D24HourMean,QuarterlyMean,Mean,25.89
2177,888,D24HourMean,QuarterlyMean,Mean,28.71
2186,895,D24HourMean,QuarterlyMean,Mean,27.80
2177,919,D24HourMean,QuarterlyMean,Mean,25.89
2182,892,D24HourMean,QuarterlyMean,Mean,25.50
2196,908,D24HourMean,QuarterlyMean,Mean,26.00
2177,913,D24HourMean,QuarterlyMean,Mean,24.25
2179,923,D24HourMean,QuarterlyMean,Mean,22.64
2193,926,D24HourMean,QuarterlyMean,Mean,22.73
2163,888,D24HourMean,QuarterlyMean,Mean,25.77
2168,919,D24HourMean,QuarterlyMean,Mean,22.20
2204,925,D24HourMean,QuarterlyMean,Mean,20.87
2177,916,D24HourMean,QuarterlyMean,Mean,22.93
2170,920,D24HourMean,QuarterlyMean,Mean,23.41
2168,926,D24HourMean,QuarterlyMean,Mean,20.89
2178,888,D24HourMean,QuarterlyMean,Mean,29.05
2184,892,D24HourMean,QuarterlyMean,Mean,25.89
2197,924,D24HourMean,QuarterlyMean,Mean,22.45
2186,908,D24HourMean,QuarterlyMean,Mean,24.35
2200,920,D24HourMean,QuarterlyMean,Mean,27.36
2196,926,D24HourMean,QuarterlyMean,Mean,22.82
2173,925,D24HourMean,QuarterlyMean,Mean,22.63
2180,915,D24HourMean,QuarterlyMean,Mean,23.95
2208,907,D24HourMean,QuarterlyMean,Mean,25.10
2206,922,D24HourMean,QuarterlyMean,Mean,20.42
2175,904,D24HourMean,QuarterlyMean,Mean,24.77
2189,895,D24HourMean,QuarterlyMean,Mean,25.66
2208,909,D24HourMean,QuarterlyMean,Mean,25.55
2181,910,D24HourMean,QuarterlyMean,Mean,22.47
2181,917,D24HourMean,QuarterlyMean,Mean,23.11
2162,891,D24HourMean,QuarterlyMean,Mean,25.03
2182,894,D24HourMean,QuarterlyMean,Mean,26.79
2183,895,D24HourMean,QuarterlyMean,Mean,25.63
2171,922,D24HourMean,QuarterlyMean,Mean,23.27
2180,917,D24HourMean,QuarterlyMean,Mean,23.62
2185,907,D24HourMean,QuarterlyMean,Mean,23.55
2175,888,D24HourMean,QuarterlyMean,Mean,27.78
2198,898,D24HourMean,QuarterlyMean,Mean,22.39
2188,902,D24HourMean,QuarterlyMean,Mean,24.96
2214,926,D24HourMean,QuarterlyMean,Mean,21.56
2171,892,D24HourMean,QuarterlyMean,Mean,25.01
2203,906,D24HourMean,QuarterlyMean,Mean,25.15
2196,898,D24HourMean,QuarterlyMean,Mean,23.74
2162,885,D24HourMean,QuarterlyMean,Mean,27.75
2192,901,D24HourMean,QuarterlyMean,Mean,23.96
2204,915,D24HourMean,QuarterlyMean,Mean,24.00
2197,907,D24HourMean,QuarterlyMean,Mean,26.45
2219,926,D24HourMean,QuarterlyMean,Mean,22.22
2180,896,D24HourMean,QuarterlyMean,Mean,27.23
2178,909,D24HourMean,QuarterlyMean,Mean,23.03
2169,917,D24HourMean,QuarterlyMean,Mean,23.62
2200,919,D24HourMean,QuarterlyMean,Mean,24.39
2169,912,D24HourMean,QuarterlyMean,Mean,24.62
2213,921,D24HourMean,QuarterlyMean,Mean,25.55
2199,913,D24HourMean,QuarterlyMean,Mean,27.61
2186,927,D24HourMean,QuarterlyMean,Mean,20.45
2209,911,D24HourMean,QuarterlyMean,Mean,27.22
2178,897,D24HourMean,QuarterlyMean,Mean,26.57
2199,902,D24HourMean,QuarterlyMean,Mean,22.66
2207,906,D24HourMean,QuarterlyMean,Mean,25.80
2188,910,D24HourMean,QuarterlyMean,Mean,23.01
2167,908,D24HourMean,QuarterlyMean,Mean,21.66
2174,896,D24HourMean,QuarterlyMean,Mean,26.51
2174,898,D24HourMean,QuarterlyMean,Mean,26.15
2189,902,D24HourMean,QuarterlyMean,Mean,22.91
2196,909,D24HourMean,QuarterlyMean,Mean,25.91
2177,898,D24HourMean,QuarterlyMean,Mean,26.18
2162,890,D24HourMean,QuarterlyMean,Mean,24.74
2198,906,D24HourMean,QuarterlyMean,Mean,25.88
2183,920,D24HourMean,QuarterlyMean,Mean,22.90
2169,916,D24HourMean,QuarterlyMean,Mean,23.39
2172,901,D24HourMean,QuarterlyMean,Mean,24.00
2197,910,D24HourMean,QuarterlyMean,Mean,27.95
2183,917,D24HourMean,QuarterlyMean,Mean,23.66
2205,906,D24HourMean,QuarterlyMean,Mean,27.20
2214,927,D24HourMean,QuarterlyMean,Mean,22.47
2220,928,D24HourMean,QuarterlyMean,Mean,21.48
2189,908,D24HourMean,QuarterlyMean,Mean,24.54
2191,904,D24HourMean,QuarterlyMean,Mean,24.91
2192,898,D24HourMean,QuarterlyMean,Mean,26.18
2212,925,D24HourMean,QuarterlyMean,Mean,23.49
2205,911,D24HourMean,QuarterlyMean,Mean,25.83
2195,912,D24HourMean,QuarterlyMean,Mean,25.03
2190,898,D24HourMean,QuarterlyMean,Mean,26.90
2168,883,D24HourMean,QuarterlyMean,Mean,24.11
2205,914,D24HourMean,QuarterlyMean,Mean,22.93
2176,902,D24HourMean,QuarterlyMean,Mean,24.99
2176,903,D24HourMean,QuarterlyMean,Mean,26.62
2185,897,D24HourMean,QuarterlyMean,Mean,27.61
2169,890,D24HourMean,QuarterlyMean,Mean,24.31
2211,927,D24HourMean,QuarterlyMean,Mean,22.62
2160,888,D24HourMean,QuarterlyMean,Mean,24.52
2191,923,D24HourMean,QuarterlyMean,Mean,24.05
2182,896,D24HourMean,QuarterlyMean,Mean,25.59
2182,916,D24HourMean,QuarterlyMean,Mean,23.95
2177,893,D24HourMean,QuarterlyMean,Mean,26.90
